SSA (m2/g),ID/IG,%N,%O,%S,Current density (A/g),Specific capacitance (F/g),Calculated pH
1122.5,0.85,0.0,5.7,0.0,0.5,240.63,14.78
1122.5,0.85,0.0,5.7,0.0,1.0,228.13,14.78
1122.5,0.85,0.0,5.7,0.0,2.0,225.0,14.78
1122.5,0.85,0.0,5.7,0.0,5.0,215.63,14.78
1122.5,0.85,0.0,5.7,0.0,10.0,206.25,14.78
1122.5,0.85,0.0,5.7,0.0,20.0,200.0,14.78
2276.6,0.85,0.0,6.8,0.0,0.5,287.5,14.78
2276.6,0.85,0.0,6.8,0.0,1.0,268.75,14.78
2276.6,0.85,0.0,6.8,0.0,2.0,259.38,14.78
2276.6,0.85,0.0,6.8,0.0,5.0,253.13,14.78
2276.6,0.85,0.0,6.8,0.0,10.0,246.88,14.78
2276.6,0.85,0.0,6.8,0.0,20.0,237.5,14.78
2217.6,0.85,0.0,7.4,0.0,0.5,250.0,14.78
2217.6,0.85,0.0,7.4,0.0,1.0,251.0,14.78
2217.6,0.85,0.0,7.4,0.0,2.0,256.25,14.78
2217.6,0.85,0.0,7.4,0.0,5.0,246.88,14.78
2217.6,0.85,0.0,7.4,0.0,10.0,231.25,14.78
2217.6,0.85,0.0,7.4,0.0,20.0,230.0,14.78
1385.6,0.85,0.0,6.5,0.0,0.5,262.5,14.78
1385.6,0.85,0.0,6.5,0.0,1.0,256.25,14.78
1385.6,0.85,0.0,6.5,0.0,2.0,250.0,14.78
1385.6,0.85,0.0,6.5,0.0,5.0,234.38,14.78
1385.6,0.85,0.0,6.5,0.0,10.0,228.13,14.78
1385.6,0.85,0.0,6.5,0.0,20.0,218.75,14.78
1066.9,0.85,0.0,6.7,0.0,0.5,212.5,14.78
1066.9,0.85,0.0,6.7,0.0,1.0,212.6,14.78
1066.9,0.85,0.0,6.7,0.0,2.0,203.13,14.78
1066.9,0.85,0.0,6.7,0.0,5.0,196.88,14.78
1066.9,0.85,0.0,6.7,0.0,10.0,195.0,14.78
1066.9,0.85,0.0,6.7,0.0,20.0,190.63,14.78
1824.6,0.85,0.0,7.1,0.0,0.5,231.25,14.78
1824.6,0.85,0.0,7.1,0.0,1.0,228.13,14.78
1824.6,0.85,0.0,7.1,0.0,2.0,225.0,14.78
1824.6,0.85,0.0,7.1,0.0,5.0,215.63,14.78
1824.6,0.85,0.0,7.1,0.0,10.0,206.25,14.78
1824.6,0.85,0.0,7.1,0.0,20.0,200.0,14.78
887.0,0.85,3.4,0.0,0.0,1.0,286.0,14.78
71.5,1.3,0.0,21.13,0.0,0.4,260.5,14.78
71.5,1.3,0.0,21.13,0.0,1.0,224.0,14.78
71.5,1.3,0.0,21.13,0.0,2.0,212.5,14.78
71.5,1.3,0.0,21.13,0.0,4.0,200.6,14.78
71.5,1.3,0.0,21.13,0.0,6.0,194.0,14.78
71.5,1.3,0.0,21.13,0.0,8.0,188.5,14.78
71.5,1.3,0.0,21.13,0.0,10.0,178.0,14.78
71.5,1.3,0.0,21.13,0.0,20.0,155.0,14.78
96.78,1.3,0.0,19.69,0.0,0.4,225.7,14.78
96.78,1.3,0.0,19.69,0.0,1.0,205.0,14.78
96.78,1.3,0.0,19.69,0.0,2.0,192.5,14.78
96.78,1.3,0.0,19.69,0.0,4.0,179.3,14.78
96.78,1.3,0.0,19.69,0.0,6.0,173.0,14.78
96.78,1.3,0.0,19.69,0.0,8.0,162.7,14.78
96.78,1.3,0.0,19.69,0.0,10.0,159.0,14.78
96.78,1.3,0.0,19.69,0.0,20.0,138.0,14.78
180.71,1.31,0.0,18.18,0.0,0.4,195.9,14.78
180.71,1.31,0.0,18.18,0.0,1.0,175.0,14.78
180.71,1.31,0.0,18.18,0.0,2.0,160.0,14.78
180.71,1.31,0.0,18.18,0.0,4.0,155.7,14.78
180.71,1.31,0.0,18.18,0.0,6.0,154.9,14.78
180.71,1.31,0.0,18.18,0.0,8.0,152.0,14.78
180.71,1.31,0.0,18.18,0.0,10.0,143.75,14.78
180.71,1.31,0.0,18.18,0.0,20.0,126.3,14.78
227.05,1.21,0.0,15.24,0.0,0.4,105.0,14.78
227.05,1.21,0.0,15.24,0.0,1.0,68.7,14.78
227.05,1.21,0.0,15.24,0.0,2.0,62.0,14.78
227.05,1.21,0.0,15.24,0.0,4.0,56.0,14.78
227.05,1.21,0.0,15.24,0.0,6.0,54.0,14.78
227.05,1.21,0.0,15.24,0.0,8.0,53.0,14.78
227.05,1.21,0.0,15.24,0.0,10.0,51.0,14.78
227.05,1.21,0.0,15.24,0.0,20.0,48.0,14.78
215.0,1.26,0.0,10.47,0.0,0.4,61.6,14.78
215.0,1.26,0.0,10.47,0.0,1.0,50.5,14.78
215.0,1.26,0.0,10.47,0.0,2.0,46.0,14.78
215.0,1.26,0.0,10.47,0.0,4.0,39.5,14.78
215.0,1.26,0.0,10.47,0.0,6.0,39.0,14.78
215.0,1.26,0.0,10.47,0.0,8.0,38.5,14.78
215.0,1.26,0.0,10.47,0.0,10.0,37.5,14.78
215.0,1.26,0.0,10.47,0.0,20.0,36.0,14.78
2005.0,0.85,0.0,4.02,3.89,0.5,315.0,14.78
2005.0,0.85,0.0,4.02,3.89,10.0,265.0,14.78
2005.0,0.85,0.0,4.02,3.89,20.0,260.0,14.78
2005.0,0.85,0.0,4.02,3.89,50.0,255.0,14.78
438.7,1.27,5.03,4.76,0.0,1.0,481.0,14.3
438.7,1.27,5.03,4.76,0.0,2.0,404.0,14.3
438.7,1.27,5.03,4.76,0.0,5.0,336.0,14.3
438.7,1.27,5.03,4.76,0.0,10.0,289.0,14.3
438.7,1.27,5.03,4.76,0.0,20.0,230.0,14.3
438.7,1.27,5.03,4.76,0.0,1.0,436.0,-0.0
438.7,1.27,5.03,4.76,0.0,2.0,340.0,-0.0
438.7,1.27,5.03,4.76,0.0,5.0,286.0,-0.0
438.7,1.27,5.03,4.76,0.0,10.0,253.0,-0.0
438.7,1.27,5.03,4.76,0.0,20.0,218.0,-0.0
108.6,0.95,0.0,5.53,0.0,1.0,127.5,14.3
108.6,0.95,0.0,5.53,0.0,2.0,120.0,14.3
108.6,0.95,0.0,5.53,0.0,5.0,110.0,14.3
108.6,0.95,0.0,5.53,0.0,10.0,102.5,14.3
108.6,0.95,0.0,5.53,0.0,20.0,90.0,14.3
444.5,0.84,1.86,0.0,0.0,1.0,280.0,14.78
444.5,0.84,1.86,0.0,0.0,10.0,222.0,14.78
444.5,0.84,1.86,0.0,0.0,20.0,200.0,14.78
444.5,0.84,1.86,0.0,0.0,30.0,175.0,14.78
444.5,0.84,2.39,0.0,0.0,1.0,187.0,14.78
444.5,0.84,2.39,0.0,0.0,10.0,162.5,14.78
444.5,0.84,2.39,0.0,0.0,20.0,152.0,14.78
444.5,0.84,2.39,0.0,0.0,30.0,150.0,14.78
444.5,0.84,2.51,0.0,0.0,1.0,160.0,14.78
444.5,0.84,2.51,0.0,0.0,10.0,137.5,14.78
444.5,0.84,2.51,0.0,0.0,20.0,125.0,14.78
444.5,0.84,2.51,0.0,0.0,30.0,112.0,14.78
1484.0,0.84,5.74,0.0,0.0,0.2,262.5,-0.0
1484.0,0.84,5.74,0.0,0.0,5.0,250.0,-0.0
1484.0,0.84,5.74,0.0,0.0,10.0,175.0,-0.0
1484.0,0.84,5.74,0.0,0.0,15.0,153.0,-0.0
1484.0,0.84,5.74,0.0,0.0,20.0,137.5,-0.0
1569.0,0.84,6.25,0.0,0.0,0.2,325.0,-0.0
1569.0,0.84,6.25,0.0,0.0,5.0,276.0,-0.0
1569.0,0.84,6.25,0.0,0.0,10.0,270.0,-0.0
1569.0,0.84,6.25,0.0,0.0,15.0,265.0,-0.0
1569.0,0.84,6.25,0.0,0.0,20.0,262.0,-0.0
95.9,1.08,0.92,0.0,0.82,0.5,164.4,14.78
95.9,1.08,0.92,0.0,0.82,50.0,100.0,14.78
94.8,1.1,0.96,0.0,0.89,0.5,189.4,14.78
94.8,1.1,0.96,0.0,0.89,50.0,102.5,14.78
80.0,1.13,1.21,0.0,1.7,0.5,212.5,14.78
80.0,1.13,1.21,0.0,1.7,50.0,125.63,14.78
38.7,1.17,1.23,0.0,2.1,0.5,203.9,14.78
38.7,1.17,1.23,0.0,2.1,50.0,124.8,14.78
37.9,1.18,1.36,0.0,2.43,0.5,195.5,14.78
37.9,1.18,1.36,0.0,2.43,50.0,118.8,14.78
726.4,1.69,4.05,0.0,0.0,1.0,178.0,14.78
726.4,1.69,4.05,0.0,0.0,5.0,164.0,14.78
726.4,1.69,4.05,0.0,0.0,10.0,155.0,14.78
726.4,1.69,4.05,0.0,0.0,20.0,147.0,14.78
726.4,1.69,4.05,0.0,0.0,50.0,142.0,14.78
851.3,1.99,6.46,0.0,0.0,1.0,114.0,14.78
851.3,1.99,6.46,0.0,0.0,5.0,102.0,14.78
851.3,1.99,6.46,0.0,0.0,10.0,95.0,14.78
851.3,1.99,6.46,0.0,0.0,20.0,88.0,14.78
851.3,1.99,6.46,0.0,0.0,50.0,78.0,14.78
437.9,1.72,5.47,0.0,0.0,1.0,156.0,14.78
437.9,1.72,5.47,0.0,0.0,5.0,138.0,14.78
437.9,1.72,5.47,0.0,0.0,10.0,126.0,14.78
437.9,1.72,5.47,0.0,0.0,20.0,118.0,14.78
437.9,1.72,5.47,0.0,0.0,50.0,109.0,14.78
173.0,0.92,8.2,20.4,0.0,1.0,120.0,-0.0
173.0,0.92,8.2,20.4,0.0,2.0,108.0,-0.0
173.0,0.92,8.2,20.4,0.0,5.0,93.0,-0.0
238.0,0.96,8.7,11.2,0.0,1.0,113.0,-0.0
238.0,0.96,8.7,11.2,0.0,2.0,105.0,-0.0
238.0,0.96,8.7,11.2,0.0,5.0,103.0,-0.0
283.0,0.97,8.5,10.9,0.0,1.0,168.0,-0.0
283.0,0.97,8.5,10.9,0.0,2.0,160.0,-0.0
283.0,0.97,8.5,10.9,0.0,5.0,147.0,-0.0
308.8,1.01,1.46,11.94,1.14,0.5,378.0,14.78
308.8,1.01,1.46,11.94,1.14,1.0,352.0,14.78
308.8,1.01,1.46,11.94,1.14,2.0,325.0,14.78
308.8,1.01,1.46,11.94,1.14,5.0,308.0,14.78
308.8,1.01,1.46,11.94,1.14,10.0,292.0,14.78
410.2,1.03,2.19,9.14,3.71,0.5,448.0,14.78
410.2,1.03,2.19,9.14,3.71,1.0,399.0,14.78
410.2,1.03,2.19,9.14,3.71,2.0,372.0,14.78
410.2,1.03,2.19,9.14,3.71,5.0,330.0,14.78
410.2,1.03,2.19,9.14,3.71,10.0,300.0,14.78
248.8,1.04,2.52,9.36,3.2,0.5,340.0,14.78
248.8,1.04,2.52,9.36,3.2,1.0,302.0,14.78
248.8,1.04,2.52,9.36,3.2,2.0,298.0,14.78
248.8,1.04,2.52,9.36,3.2,5.0,276.0,14.78
248.8,1.04,2.52,9.36,3.2,10.0,265.0,14.78
162.4,1.87,0.0,15.34,0.0,0.5,40.0,14.78
269.4,2.17,0.0,35.15,11.25,0.5,181.5,14.78
271.1,2.18,0.0,25.01,7.92,0.5,209.3,14.78
274.4,2.19,0.0,15.34,3.83,0.5,237.0,14.78
280.0,2.32,0.0,15.07,3.42,0.5,253.2,14.78
287.9,2.57,0.0,8.11,1.47,0.5,270.4,14.78
649.0,1.02,4.12,8.21,0.0,0.5,199.5,14.78
649.0,1.02,4.12,8.21,0.0,1.0,190.0,14.78
649.0,1.02,4.12,8.21,0.0,2.0,174.0,14.78
649.0,1.02,4.12,8.21,0.0,3.0,170.0,14.78
649.0,1.02,4.12,8.21,0.0,4.0,166.0,14.78
649.0,1.02,4.12,8.21,0.0,5.0,162.0,14.78
649.0,1.02,4.12,8.21,0.0,20.0,151.0,14.78
85.0,1.0,3.08,9.26,0.0,0.5,99.0,14.78
85.0,1.0,3.08,9.26,0.0,1.0,95.0,14.78
85.0,1.0,3.08,9.26,0.0,2.0,89.0,14.78
85.0,1.0,3.08,9.26,0.0,3.0,83.0,14.78
85.0,1.0,3.08,9.26,0.0,4.0,80.5,14.78
85.0,1.0,3.08,9.26,0.0,5.0,79.8,14.78
85.0,1.0,3.08,9.26,0.0,20.0,67.0,14.78
198.0,0.98,1.3,11.9,0.2,0.5,298.0,14.78
198.0,0.98,1.3,11.9,0.2,1.0,239.0,14.78
198.0,0.98,1.3,11.9,0.2,2.0,212.0,14.78
198.0,0.98,1.3,11.9,0.2,3.0,201.0,14.78
198.0,0.98,1.3,11.9,0.2,5.0,194.0,14.78
198.0,0.98,1.3,11.9,0.2,10.0,180.0,14.78
260.0,0.99,1.5,11.5,0.3,0.5,431.0,14.78
260.0,0.99,1.5,11.5,0.3,1.0,309.0,14.78
260.0,0.99,1.5,11.5,0.3,2.0,263.0,14.78
260.0,0.99,1.5,11.5,0.3,3.0,218.0,14.78
260.0,0.99,1.5,11.5,0.3,5.0,206.0,14.78
260.0,0.99,1.5,11.5,0.3,10.0,193.0,14.78
238.0,0.99,1.6,10.7,0.3,0.5,303.0,14.78
238.0,0.99,1.6,10.7,0.3,1.0,211.0,14.78
238.0,0.99,1.6,10.7,0.3,2.0,182.0,14.78
238.0,0.99,1.6,10.7,0.3,3.0,171.0,14.78
238.0,0.99,1.6,10.7,0.3,5.0,164.0,14.78
238.0,0.99,1.6,10.7,0.3,10.0,151.0,14.78
1478.0,0.84,6.92,7.98,0.42,1.0,270.0,-0.0
1738.0,0.89,6.35,8.23,0.31,1.0,364.0,-0.0
2095.0,0.41,5.05,8.94,0.23,1.5,529.0,-0.0
2095.0,0.41,5.05,8.94,0.23,3.0,424.8,-0.0
2095.0,0.41,5.05,8.94,0.23,6.0,420.0,-0.0
2095.0,0.41,5.05,8.94,0.23,8.0,377.6,-0.0
2095.0,0.41,5.05,8.94,0.23,30.0,347.5,-0.0
830.0,0.97,8.4,9.2,0.0,0.2,223.0,14.78
830.0,0.97,8.4,9.2,0.0,0.5,216.0,14.78
830.0,0.97,8.4,9.2,0.0,1.0,209.0,14.78
830.0,0.97,8.4,9.2,0.0,3.0,205.0,14.78
830.0,0.97,8.4,9.2,0.0,5.0,200.0,14.78
830.0,0.97,8.4,9.2,0.0,10.0,176.0,14.78
710.0,0.98,0.0,15.1,0.0,0.2,206.0,14.78
710.0,0.98,0.0,15.1,0.0,0.5,203.0,14.78
710.0,0.98,0.0,15.1,0.0,1.0,196.0,14.78
710.0,0.98,0.0,15.1,0.0,3.0,183.0,14.78
710.0,0.98,0.0,15.1,0.0,5.0,176.0,14.78
710.0,0.98,0.0,15.1,0.0,10.0,160.0,14.78
305.2,0.99,0.9,13.7,0.3,0.5,566.0,14.78
305.2,0.99,0.9,13.7,0.3,1.0,344.0,14.78
305.2,0.99,0.9,13.7,0.3,2.0,280.0,14.78
305.2,0.99,0.9,13.7,0.3,3.0,275.0,14.78
305.2,0.99,0.9,13.7,0.3,5.0,262.0,14.78
305.2,0.99,0.9,13.7,0.3,10.0,249.0,14.78
361.1,1.0,0.3,14.2,0.0,0.5,371.0,14.78
361.1,1.0,0.3,14.2,0.0,1.0,298.0,14.78
361.1,1.0,0.3,14.2,0.0,2.0,250.0,14.78
361.1,1.0,0.3,14.2,0.0,3.0,240.0,14.78
361.1,1.0,0.3,14.2,0.0,5.0,234.0,14.78
361.1,1.0,0.3,14.2,0.0,10.0,220.0,14.78
322.4,1.03,0.0,13.4,0.1,0.5,282.0,14.78
322.4,1.03,0.0,13.4,0.1,1.0,238.0,14.78
322.4,1.03,0.0,13.4,0.1,2.0,222.0,14.78
322.4,1.03,0.0,13.4,0.1,3.0,210.0,14.78
322.4,1.03,0.0,13.4,0.1,5.0,201.0,14.78
322.4,1.03,0.0,13.4,0.1,10.0,180.0,14.78
285.1,1.0,0.7,14.9,0.2,0.5,385.0,14.78
285.1,1.0,0.7,14.9,0.2,10.0,219.0,14.78
156.9,1.0,1.3,12.3,3.2,0.5,263.0,14.78
156.9,1.0,1.3,12.3,3.2,10.0,147.0,14.78
187.0,1.47,1.64,10.1,0.74,0.5,202.0,14.78
187.0,1.47,1.64,10.1,0.74,1.0,199.0,14.78
187.0,1.47,1.64,10.1,0.74,2.0,199.0,14.78
187.0,1.47,1.64,10.1,0.74,5.0,168.0,14.78
187.0,1.47,1.64,10.1,0.74,10.0,154.0,14.78
211.0,1.48,1.39,11.49,0.7,0.5,204.0,14.78
211.0,1.48,1.39,11.49,0.7,1.0,200.0,14.78
211.0,1.48,1.39,11.49,0.7,2.0,196.0,14.78
211.0,1.48,1.39,11.49,0.7,5.0,174.0,14.78
211.0,1.48,1.39,11.49,0.7,10.0,160.0,14.78
252.0,1.51,1.96,13.22,0.97,0.5,251.0,14.78
252.0,1.51,1.96,13.22,0.97,1.0,248.0,14.78
252.0,1.51,1.96,13.22,0.97,2.0,242.0,14.78
252.0,1.51,1.96,13.22,0.97,5.0,230.0,14.78
252.0,1.51,1.96,13.22,0.97,10.0,225.0,14.78
710.0,1.35,1.1,18.8,1.3,1.0,150.0,14.78
710.0,1.35,1.1,18.8,1.3,2.0,102.0,14.78
710.0,1.35,1.1,18.8,1.3,3.0,62.0,14.78
710.0,1.35,1.1,18.8,1.3,5.0,50.0,14.78
710.0,1.35,1.1,18.8,1.3,10.0,38.0,14.78
710.0,1.35,1.1,18.8,1.3,20.0,25.0,14.78
396.0,1.03,2.4,16.0,0.0,1.0,140.0,14.78
396.0,1.03,2.4,16.0,0.0,2.0,120.0,14.78
396.0,1.03,2.4,16.0,0.0,3.0,113.0,14.78
396.0,1.03,2.4,16.0,0.0,5.0,80.0,14.78
396.0,1.03,2.4,16.0,0.0,10.0,65.0,14.78
396.0,1.03,2.4,16.0,0.0,20.0,50.0,14.78
1013.0,1.41,1.7,21.0,1.1,1.0,260.0,14.78
1013.0,1.41,1.7,21.0,1.1,2.0,200.0,14.78
1013.0,1.41,1.7,21.0,1.1,3.0,150.0,14.78
1013.0,1.41,1.7,21.0,1.1,5.0,115.0,14.78
1013.0,1.41,1.7,21.0,1.1,10.0,103.0,14.78
1013.0,1.41,1.7,21.0,1.1,20.0,95.0,14.78
1109.0,1.43,4.2,22.1,1.3,1.0,420.0,14.78
1109.0,1.43,4.2,22.1,1.3,2.0,350.0,14.78
1109.0,1.43,4.2,22.1,1.3,3.0,323.0,14.78
1109.0,1.43,4.2,22.1,1.3,5.0,305.0,14.78
1109.0,1.43,4.2,22.1,1.3,10.0,285.0,14.78
1109.0,1.43,4.2,22.1,1.3,20.0,280.0,14.78
1036.0,1.38,2.6,24.2,1.1,1.0,280.0,14.78
1036.0,1.38,2.6,24.2,1.1,2.0,220.0,14.78
1036.0,1.38,2.6,24.2,1.1,3.0,180.0,14.78
1036.0,1.38,2.6,24.2,1.1,5.0,140.0,14.78
1036.0,1.38,2.6,24.2,1.1,10.0,130.0,14.78
1036.0,1.38,2.6,24.2,1.1,20.0,118.0,14.78
85.76,1.06,0.0,31.49,0.0,0.3,184.9,14.78
85.76,1.06,0.0,31.49,0.0,0.5,180.0,14.78
85.76,1.06,0.0,31.49,0.0,1.0,172.0,14.78
85.76,1.06,0.0,31.49,0.0,2.0,165.0,14.78
85.76,1.06,0.0,31.49,0.0,3.0,158.0,14.78
85.76,1.06,0.0,31.49,0.0,5.0,150.0,14.78
85.76,1.06,0.0,31.49,0.0,10.0,130.0,14.78
147.31,0.97,1.1,15.36,0.0,0.3,221.9,14.78
147.31,0.97,1.1,15.36,0.0,0.5,215.0,14.78
147.31,0.97,1.1,15.36,0.0,1.0,210.0,14.78
147.31,0.97,1.1,15.36,0.0,2.0,202.0,14.78
147.31,0.97,1.1,15.36,0.0,3.0,192.0,14.78
147.31,0.97,1.1,15.36,0.0,5.0,188.0,14.78
147.31,0.97,1.1,15.36,0.0,10.0,178.0,14.78
149.32,1.02,1.24,15.45,0.0,0.3,299.7,14.78
149.32,1.02,1.24,15.45,0.0,0.5,288.0,14.78
149.32,1.02,1.24,15.45,0.0,1.0,277.0,14.78
149.32,1.02,1.24,15.45,0.0,2.0,265.0,14.78
149.32,1.02,1.24,15.45,0.0,3.0,261.0,14.78
149.32,1.02,1.24,15.45,0.0,5.0,255.0,14.78
149.32,1.02,1.24,15.45,0.0,10.0,242.0,14.78
155.99,1.03,1.35,16.9,0.0,0.3,257.5,14.78
155.99,1.03,1.35,16.9,0.0,0.5,250.0,14.78
155.99,1.03,1.35,16.9,0.0,1.0,239.0,14.78
155.99,1.03,1.35,16.9,0.0,2.0,230.0,14.78
155.99,1.03,1.35,16.9,0.0,3.0,227.0,14.78
155.99,1.03,1.35,16.9,0.0,5.0,222.0,14.78
155.99,1.03,1.35,16.9,0.0,10.0,208.0,14.78
278.3,0.98,6.8,9.2,0.0,1.0,175.0,14.78
348.7,1.01,7.0,12.8,0.0,1.0,200.0,14.78
412.3,1.15,10.1,9.6,0.0,1.0,290.0,14.78
337.0,1.09,8.2,10.9,0.0,1.0,235.0,14.78
263.5,1.03,7.9,10.2,0.0,1.0,228.0,14.78
410.2,1.11,10.0,9.3,0.0,1.0,282.0,14.78
398.8,1.12,10.1,10.6,0.0,1.0,272.0,14.78
678.73,1.05,2.97,0.0,0.0,0.25,281.02,14.78
678.73,1.05,2.97,0.0,0.0,0.5,213.8,14.78
678.73,1.05,2.97,0.0,0.0,1.0,191.72,14.78
678.73,1.05,2.97,0.0,0.0,2.5,176.26,14.78
678.73,1.05,2.97,0.0,0.0,5.0,167.11,14.78
678.73,1.05,2.97,0.0,0.0,10.0,159.18,14.78
678.73,1.05,2.97,0.0,0.0,25.0,144.62,14.78
678.73,1.05,2.97,0.0,0.0,50.0,135.01,14.78
678.73,1.05,2.97,0.0,0.0,100.0,119.29,14.78
537.0,1.28,0.0,21.6,8.3,1.0,367.0,14.78
537.0,1.28,0.0,21.6,8.3,2.0,338.0,14.78
537.0,1.28,0.0,21.6,8.3,5.0,283.0,14.78
537.0,1.28,0.0,21.6,8.3,10.0,246.0,14.78
187.0,1.09,0.0,19.27,2.2,1.0,210.0,14.78
187.0,1.09,0.0,19.27,2.2,2.0,158.0,14.78
187.0,1.09,0.0,19.27,2.2,5.0,138.0,14.78
187.0,1.09,0.0,19.27,2.2,10.0,94.0,14.78
676.0,1.02,0.0,0.0,26.56,1.0,480.0,14.78
676.0,1.02,0.0,0.0,26.56,2.0,450.0,14.78
676.0,1.02,0.0,0.0,26.56,5.0,390.0,14.78
676.0,1.02,0.0,0.0,26.56,10.0,350.0,14.78
676.0,1.02,0.0,0.0,26.56,15.0,301.0,14.78
287.0,1.32,8.45,2.36,0.0,0.5,320.0,14.78
287.0,1.32,8.45,2.36,0.0,1.0,272.0,14.78
287.0,1.32,8.45,2.36,0.0,5.0,210.0,14.78
287.0,1.32,8.45,2.36,0.0,10.0,192.0,14.78
287.0,1.32,8.45,2.36,0.0,20.0,110.0,14.78
530.0,0.0,0.0,16.2,0.0,0.2,228.0,14.78
354.0,0.0,13.4,9.4,0.0,0.2,239.0,14.78
530.0,0.0,0.0,16.2,0.0,0.5,209.0,14.78
354.0,0.0,13.4,9.4,0.0,0.5,235.0,14.78
530.0,0.0,0.0,16.2,0.0,1.0,199.0,14.78
354.0,0.0,13.4,9.4,0.0,1.0,231.0,14.78
530.0,0.0,0.0,16.2,0.0,2.0,190.0,14.78
354.0,0.0,13.4,9.4,0.0,2.0,228.0,14.78
530.0,0.0,0.0,16.2,0.0,5.0,175.0,14.78
354.0,0.0,13.4,9.4,0.0,5.0,220.0,14.78
530.0,0.0,0.0,16.2,0.0,10.0,162.0,14.78
354.0,0.0,13.4,9.4,0.0,10.0,214.0,14.78
530.0,0.0,0.0,16.2,0.0,20.0,142.0,14.78
354.0,0.0,13.4,9.4,0.0,20.0,209.0,14.78
388.0,0.0,4.44,5.51,0.0,2.0,370.0,14.0
388.0,0.0,4.44,5.51,0.0,3.0,325.0,14.0
388.0,0.0,4.44,5.51,0.0,4.0,300.0,14.0
388.0,0.0,4.44,5.51,0.0,5.0,290.0,14.0
388.0,0.0,4.44,5.51,0.0,6.0,285.0,14.0
388.0,0.0,4.44,5.51,0.0,8.0,270.0,14.0
388.0,0.0,4.44,5.51,0.0,10.0,250.0,14.0
244.0,0.0,1.32,3.68,0.0,0.5,350.0,14.0
244.0,0.0,1.32,3.68,0.0,1.0,270.0,14.0
244.0,0.0,1.32,3.68,0.0,2.0,175.0,14.0
244.0,0.0,1.32,3.68,0.0,3.0,165.0,14.0
244.0,0.0,1.32,3.68,0.0,4.0,150.0,14.0
244.0,0.0,1.32,3.68,0.0,5.0,145.0,14.0
244.0,0.0,1.32,3.68,0.0,6.0,130.0,14.0
244.0,0.0,1.32,3.68,0.0,8.0,120.0,14.0
244.0,0.0,1.32,3.68,0.0,10.0,110.0,14.0
166.0,1.0,0.0,21.88,0.0,0.5,200.0,14.78
191.8,1.06,7.59,16.04,0.0,0.5,278.3,14.78
196.8,1.02,7.71,16.01,0.0,0.5,334.0,14.78
178.6,1.04,8.08,13.36,0.0,0.5,241.1,14.78
196.8,1.02,4.58,13.53,0.0,0.5,204.8,14.78
196.8,1.02,3.53,15.66,0.0,0.5,305.0,14.78
196.8,1.02,2.5,19.42,0.0,0.5,173.9,14.78
166.0,1.0,0.0,21.88,0.0,1.0,176.87,14.78
191.8,1.06,7.59,16.04,0.0,1.0,234.53,14.78
196.8,1.02,7.71,16.01,0.0,1.0,285.5,14.78
178.6,1.04,8.08,13.36,0.0,1.0,211.68,14.78
166.0,1.0,0.0,21.88,0.0,2.0,163.27,14.78
191.8,1.06,7.59,16.04,0.0,2.0,211.51,14.78
196.8,1.02,7.71,16.01,0.0,2.0,259.54,14.78
178.6,1.04,8.08,13.36,0.0,2.0,200.0,14.78
166.0,1.0,0.0,21.88,0.0,5.0,153.06,14.78
191.8,1.06,7.59,16.04,0.0,5.0,194.24,14.78
196.8,1.02,7.71,16.01,0.0,5.0,238.17,14.78
178.6,1.04,8.08,13.36,0.0,5.0,183.21,14.78
166.0,1.0,0.0,21.88,0.0,10.0,142.86,14.78
191.8,1.06,7.59,16.04,0.0,10.0,179.86,14.78
196.8,1.02,7.71,16.01,0.0,10.0,226.72,14.78
178.6,1.04,8.08,13.36,0.0,10.0,171.53,14.78
166.0,1.0,0.0,21.88,0.0,20.0,132.65,14.78
191.8,1.06,7.59,16.04,0.0,20.0,165.47,14.78
196.8,1.02,7.71,16.01,0.0,20.0,209.92,14.78
178.6,1.04,8.08,13.36,0.0,20.0,163.5,14.78
267.1,0.85,0.0,17.6,0.0,0.1,131.0,14.78
267.1,0.85,0.0,17.6,0.0,0.5,129.0,14.78
267.1,0.85,0.0,17.6,0.0,1.0,125.0,14.78
267.1,0.85,0.0,17.6,0.0,2.0,112.0,14.78
267.1,0.85,0.0,17.6,0.0,5.0,87.5,14.78
267.1,0.85,0.0,17.6,0.0,10.0,69.0,14.78
278.5,0.38,0.0,3.04,0.0,0.1,170.0,14.78
278.5,0.38,0.0,3.04,0.0,0.5,160.0,14.78
278.5,0.38,0.0,3.04,0.0,1.0,150.0,14.78
278.5,0.38,0.0,3.04,0.0,2.0,125.0,14.78
278.5,0.38,0.0,3.04,0.0,5.0,102.0,14.78
278.5,0.38,0.0,3.04,0.0,10.0,84.0,14.78
353.1,0.46,1.1,7.23,0.0,0.1,219.0,14.78
353.1,0.46,1.1,7.23,0.0,0.5,175.0,14.78
353.1,0.46,1.1,7.23,0.0,1.0,162.0,14.78
353.1,0.46,1.1,7.23,0.0,2.0,148.0,14.78
353.1,0.46,1.1,7.23,0.0,5.0,125.0,14.78
353.1,0.46,1.1,7.23,0.0,10.0,97.0,14.78
462.1,0.54,1.87,7.68,0.0,0.1,279.0,14.78
462.1,0.54,1.87,7.68,0.0,0.5,276.0,14.78
462.1,0.54,1.87,7.68,0.0,1.0,222.0,14.78
462.1,0.54,1.87,7.68,0.0,2.0,180.0,14.78
462.1,0.54,1.87,7.68,0.0,5.0,150.0,14.78
462.1,0.54,1.87,7.68,0.0,10.0,124.0,14.78
407.0,0.77,2.46,6.85,0.0,0.1,229.0,14.78
407.0,0.77,2.46,6.85,0.0,0.5,210.0,14.78
407.0,0.77,2.46,6.85,0.0,1.0,180.0,14.78
407.0,0.77,2.46,6.85,0.0,2.0,150.0,14.78
407.0,0.77,2.46,6.85,0.0,5.0,136.0,14.78
407.0,0.77,2.46,6.85,0.0,10.0,110.0,14.78
175.9,1.14,9.69,6.36,1.2,1.0,323.8,14.78
175.9,1.14,9.69,6.36,1.2,2.0,316.7,14.78
175.9,1.14,9.69,6.36,1.2,5.0,305.3,14.78
175.9,1.14,9.69,6.36,1.2,10.0,294.6,14.78
175.9,1.14,9.69,6.36,1.2,20.0,286.3,14.78
131.3,1.24,8.48,32.32,4.59,0.2,158.0,14.78
131.3,1.24,8.48,32.32,4.59,0.5,149.0,14.78
131.3,1.24,8.48,32.32,4.59,1.0,142.0,14.78
131.3,1.24,8.48,32.32,4.59,5.0,132.0,14.78
131.3,1.24,8.48,32.32,4.59,10.0,124.0,14.78
284.8,1.27,10.28,27.56,3.86,0.2,167.0,14.78
284.8,1.27,10.28,27.56,3.86,0.5,161.0,14.78
284.8,1.27,10.28,27.56,3.86,1.0,154.0,14.78
284.8,1.27,10.28,27.56,3.86,5.0,142.0,14.78
284.8,1.27,10.28,27.56,3.86,10.0,133.0,14.78
324.6,1.17,6.4,13.69,2.66,0.2,208.0,14.78
324.6,1.17,6.4,13.69,2.66,0.5,198.0,14.78
324.6,1.17,6.4,13.69,2.66,1.0,185.0,14.78
324.6,1.17,6.4,13.69,2.66,5.0,177.0,14.78
324.6,1.17,6.4,13.69,2.66,10.0,167.0,14.78
259.5,1.25,4.88,6.79,2.08,0.2,132.0,14.78
259.5,1.25,4.88,6.79,2.08,0.5,118.0,14.78
259.5,1.25,4.88,6.79,2.08,1.0,112.0,14.78
259.5,1.25,4.88,6.79,2.08,5.0,95.0,14.78
259.5,1.25,4.88,6.79,2.08,10.0,85.0,14.78
471.05,1.78,0.0,28.41,0.0,0.3,160.0,0.6
274.44,1.76,1.66,12.91,0.0,0.3,349.0,0.6
471.05,1.78,0.0,28.41,0.0,0.5,149.0,0.6
274.44,1.76,1.66,12.91,0.0,0.5,332.0,0.6
471.05,1.78,0.0,28.41,0.0,0.7,140.0,0.6
274.44,1.76,1.66,12.91,0.0,0.7,320.0,0.6
471.05,1.78,0.0,28.41,0.0,1.0,135.0,0.6
274.44,1.76,1.66,12.91,0.0,1.0,306.0,0.6
471.05,1.78,0.0,28.41,0.0,2.0,124.0,0.6
274.44,1.76,1.66,12.91,0.0,2.0,273.0,0.6
471.05,1.78,0.0,28.41,0.0,3.0,105.0,0.6
274.44,1.76,1.66,12.91,0.0,3.0,249.0,0.6
471.05,1.78,0.0,28.41,0.0,4.0,93.0,0.6
274.44,1.76,1.66,12.91,0.0,4.0,225.0,0.6
471.05,1.78,0.0,28.41,0.0,5.0,87.0,0.6
274.44,1.76,1.66,12.91,0.0,5.0,206.0,0.6
282.3,1.06,1.26,10.01,1.16,0.5,327.0,14.78
282.3,1.06,1.26,10.01,1.16,1.0,274.0,14.78
282.3,1.06,1.26,10.01,1.16,2.0,263.0,14.78
282.3,1.06,1.26,10.01,1.16,3.0,250.0,14.78
282.3,1.06,1.26,10.01,1.16,5.0,246.0,14.78
282.3,1.06,1.26,10.01,1.16,10.0,229.0,14.78
282.3,1.06,1.26,10.01,1.16,20.0,212.0,14.78
366.0,1.11,2.27,9.18,2.39,0.5,381.0,14.78
366.0,1.11,2.27,9.18,2.39,1.0,321.0,14.78
366.0,1.11,2.27,9.18,2.39,2.0,310.0,14.78
366.0,1.11,2.27,9.18,2.39,3.0,307.0,14.78
366.0,1.11,2.27,9.18,2.39,5.0,297.0,14.78
366.0,1.11,2.27,9.18,2.39,10.0,280.0,14.78
366.0,1.11,2.27,9.18,2.39,20.0,258.0,14.78
257.8,1.08,1.52,8.75,1.91,0.5,320.0,14.78
257.8,1.08,1.52,8.75,1.91,1.0,265.0,14.78
257.8,1.08,1.52,8.75,1.91,2.0,251.0,14.78
257.8,1.08,1.52,8.75,1.91,3.0,247.0,14.78
257.8,1.08,1.52,8.75,1.91,5.0,227.0,14.78
257.8,1.08,1.52,8.75,1.91,10.0,224.0,14.78
257.8,1.08,1.52,8.75,1.91,20.0,200.0,14.78
966.0,1.06,1.62,5.96,0.48,0.5,261.0,14.78
966.0,1.06,1.62,5.96,0.48,1.0,194.0,14.78
966.0,1.06,1.62,5.96,0.48,3.0,130.0,14.78
966.0,1.06,1.62,5.96,0.48,5.0,119.0,14.78
966.0,1.06,1.62,5.96,0.48,8.0,103.0,14.78
1335.0,1.13,1.6,4.62,0.37,0.5,203.0,14.78
1335.0,1.13,1.6,4.62,0.37,1.0,148.0,14.78
1335.0,1.13,1.6,4.62,0.37,3.0,100.0,14.78
1335.0,1.13,1.6,4.62,0.37,5.0,95.0,14.78
1335.0,1.13,1.6,4.62,0.37,8.0,78.0,14.78
1934.7,0.0,0.0,3.86,0.0,0.3,208.0,14.78
1919.1,0.0,0.0,3.24,0.64,0.3,234.0,14.78
1790.3,0.0,0.0,4.07,1.13,0.3,257.0,14.78
1630.9,0.0,0.0,6.35,2.37,0.3,183.0,14.78
1934.7,0.0,0.0,3.86,0.0,0.5,195.0,14.78
1919.1,0.0,0.0,3.24,0.64,0.5,218.0,14.78
1790.3,0.0,0.0,4.07,1.13,0.5,241.0,14.78
1630.9,0.0,0.0,6.35,2.37,0.5,153.0,14.78
1934.7,0.0,0.0,3.86,0.0,1.0,189.0,14.78
1919.1,0.0,0.0,3.24,0.64,1.0,207.0,14.78
1790.3,0.0,0.0,4.07,1.13,1.0,234.0,14.78
1630.9,0.0,0.0,6.35,2.37,1.0,167.0,14.78
1934.7,0.0,0.0,3.86,0.0,2.5,180.0,14.78
1919.1,0.0,0.0,3.24,0.64,2.5,199.0,14.78
1790.3,0.0,0.0,4.07,1.13,2.5,223.0,14.78
1630.9,0.0,0.0,6.35,2.37,2.5,160.0,14.78
1934.7,0.0,0.0,3.86,0.0,5.0,177.0,14.78
1919.1,0.0,0.0,3.24,0.64,5.0,195.0,14.78
1790.3,0.0,0.0,4.07,1.13,5.0,219.0,14.78
1630.9,0.0,0.0,6.35,2.37,5.0,158.0,14.78
1934.7,0.0,0.0,3.86,0.0,10.0,172.0,14.78
1919.1,0.0,0.0,3.24,0.64,10.0,190.0,14.78
1790.3,0.0,0.0,4.07,1.13,10.0,214.0,14.78
1630.9,0.0,0.0,6.35,2.37,10.0,156.0,14.78
1934.7,0.0,0.0,3.86,0.0,25.0,171.0,14.78
1919.1,0.0,0.0,3.24,0.64,25.0,179.0,14.78
1790.3,0.0,0.0,4.07,1.13,25.0,210.0,14.78
1630.9,0.0,0.0,6.35,2.37,25.0,155.0,14.78
106.3,1.01,0.0,12.88,0.0,1.0,160.0,14.0
106.3,1.01,0.0,12.88,0.0,2.0,150.0,14.0
106.3,1.01,0.0,12.88,0.0,5.0,140.0,14.0
106.3,1.01,0.0,12.88,0.0,8.0,130.0,14.0
106.3,1.01,0.0,12.88,0.0,10.0,127.0,14.0
106.3,1.01,0.0,12.88,0.0,15.0,123.0,14.0
106.3,1.01,0.0,12.88,0.0,20.0,118.0,14.0
193.5,1.05,0.0,11.89,0.0,1.0,215.0,14.0
193.5,1.05,0.0,11.89,0.0,2.0,200.0,14.0
193.5,1.05,0.0,11.89,0.0,5.0,185.0,14.0
193.5,1.05,0.0,11.89,0.0,8.0,178.0,14.0
193.5,1.05,0.0,11.89,0.0,10.0,175.0,14.0
193.5,1.05,0.0,11.89,0.0,15.0,173.0,14.0
193.5,1.05,0.0,11.89,0.0,20.0,171.0,14.0
129.2,1.33,4.25,11.2,2.69,1.0,315.0,14.0
129.2,1.33,4.25,11.2,2.69,2.0,260.0,14.0
129.2,1.33,4.25,11.2,2.69,5.0,223.0,14.0
129.2,1.33,4.25,11.2,2.69,8.0,205.0,14.0
129.2,1.33,4.25,11.2,2.69,10.0,200.0,14.0
129.2,1.33,4.25,11.2,2.69,15.0,193.0,14.0
129.2,1.33,4.25,11.2,2.69,20.0,190.0,14.0
370.4,1.32,4.8,7.76,2.01,1.0,346.0,14.0
370.4,1.32,4.8,7.76,2.01,2.0,302.0,14.0
370.4,1.32,4.8,7.76,2.01,5.0,260.0,14.0
370.4,1.32,4.8,7.76,2.01,8.0,242.0,14.0
370.4,1.32,4.8,7.76,2.01,10.0,235.0,14.0
370.4,1.32,4.8,7.76,2.01,15.0,215.0,14.0
370.4,1.32,4.8,7.76,2.01,20.0,201.0,14.0
261.0,0.92,0.0,14.03,3.47,5.0,285.0,14.48
261.0,0.92,0.0,14.03,3.47,3.0,320.0,14.48
261.0,0.92,0.0,14.03,3.47,10.0,155.0,14.48
109.07,1.21,5.32,8.76,0.0,1.0,359.0,14.78
109.07,1.21,5.32,8.76,0.0,2.0,330.0,14.78
109.07,1.21,5.32,8.76,0.0,3.0,315.0,14.78
109.07,1.21,5.32,8.76,0.0,4.0,300.0,14.78
109.07,1.21,5.32,8.76,0.0,5.0,292.0,14.78
109.07,1.21,5.32,8.76,0.0,10.0,280.0,14.78
39.05,1.02,4.16,9.39,0.0,1.0,280.0,14.78
39.05,1.02,4.16,9.39,0.0,2.0,225.0,14.78
39.05,1.02,4.16,9.39,0.0,3.0,220.0,14.78
39.05,1.02,4.16,9.39,0.0,4.0,220.0,14.78
39.05,1.02,4.16,9.39,0.0,5.0,215.0,14.78
39.05,1.02,4.16,9.39,0.0,10.0,203.0,14.78
531.9,0.0,7.7,13.7,0.0,2.0,320.0,14.78
531.9,0.0,7.7,13.7,0.0,5.0,298.5,14.78
531.9,0.0,7.7,13.7,0.0,10.0,239.0,14.78
1888.0,1.86,0.0,0.0,0.0,1.0,125.5,14.78
1866.0,2.01,0.0,0.0,0.97,1.0,119.0,14.78
1697.0,2.03,0.0,0.0,1.2,1.0,137.0,14.78
1639.0,1.93,0.0,0.0,0.87,1.0,124.5,14.78
1866.0,2.01,0.0,0.0,0.97,2.5,118.8,14.78
1697.0,2.03,0.0,0.0,1.2,2.5,131.0,14.78
1639.0,1.93,0.0,0.0,0.87,2.5,121.5,14.78
1866.0,2.01,0.0,0.0,0.97,5.0,112.5,14.78
1697.0,2.03,0.0,0.0,1.2,5.0,126.0,14.78
1639.0,1.93,0.0,0.0,0.87,5.0,119.0,14.78
1866.0,2.01,0.0,0.0,0.97,10.0,106.5,14.78
1697.0,2.03,0.0,0.0,1.2,10.0,121.5,14.78
1639.0,1.93,0.0,0.0,0.87,10.0,118.0,14.78
1866.0,2.01,0.0,0.0,0.97,25.0,98.0,14.78
1697.0,2.03,0.0,0.0,1.2,25.0,110.0,14.78
1639.0,1.93,0.0,0.0,0.87,25.0,114.0,14.78
260.0,0.0,0.0,14.39,0.0,0.2,203.0,14.78
593.0,0.0,10.09,13.86,0.0,0.2,326.0,14.78
502.0,0.0,4.96,14.02,0.0,0.2,238.0,14.78
527.0,0.0,5.93,13.72,0.0,0.2,251.0,14.78
571.0,0.0,9.5,11.81,0.0,0.2,276.0,14.78
544.0,0.0,8.47,11.77,0.0,0.2,289.0,14.78
373.0,0.0,6.36,15.91,0.0,0.2,254.0,14.78
460.0,0.0,7.84,14.4,0.0,0.2,286.0,14.78
413.0,0.0,7.3,10.73,0.0,0.2,281.0,14.78
260.0,0.0,0.0,14.39,0.0,1.0,169.0,14.78
593.0,0.0,10.09,13.86,0.0,1.0,269.0,14.78
502.0,0.0,4.96,14.02,0.0,1.0,210.0,14.78
527.0,0.0,5.93,13.72,0.0,1.0,216.0,14.78
571.0,0.0,9.5,11.81,0.0,1.0,239.0,14.78
544.0,0.0,8.47,11.77,0.0,1.0,250.0,14.78
373.0,0.0,6.36,15.91,0.0,1.0,193.0,14.78
460.0,0.0,7.84,14.4,0.0,1.0,222.0,14.78
413.0,0.0,7.3,10.73,0.0,1.0,207.0,14.78
