Salt,Base,Acid,SSA (m2/g),ID/IG,%N,%O,%S,Current density (A/g),Specific capacitance (F/g)
0,1,0,530.00,1.12,0.00,16.20,0.00,0.20,228.00
0,1,0,354.00,1.12,13.40,9.40,0.00,0.20,239.00
0,1,0,530.00,1.12,0.00,16.20,0.00,0.50,209.00
0,1,0,354.00,1.12,13.40,9.40,0.00,0.50,235.00
0,1,0,530.00,1.12,0.00,16.20,0.00,1.00,199.00
0,1,0,354.00,1.12,13.40,9.40,0.00,1.00,231.00
0,1,0,530.00,1.12,0.00,16.20,0.00,2.00,190.00
0,1,0,354.00,1.12,13.40,9.40,0.00,2.00,228.00
0,1,0,530.00,1.12,0.00,16.20,0.00,5.00,175.00
0,1,0,354.00,1.12,13.40,9.40,0.00,5.00,220.00
0,1,0,530.00,1.12,0.00,16.20,0.00,9.99,162.00
0,1,0,354.00,1.12,13.40,9.40,0.00,9.99,214.00
0,1,0,530.00,1.12,0.00,16.20,0.00,19.99,142.00
0,1,0,354.00,1.12,13.40,9.40,0.00,19.99,209.00
0,1,0,388.00,1.12,4.44,5.51,0.00,2.00,370.00
0,1,0,388.00,1.12,4.44,5.51,0.00,3.00,325.00
0,1,0,388.00,1.12,4.44,5.51,0.00,4.00,300.00
0,1,0,388.00,1.12,4.44,5.51,0.00,5.00,290.00
0,1,0,388.00,1.12,4.44,5.51,0.00,6.00,285.00
0,1,0,388.00,1.12,4.44,5.51,0.00,8.00,270.00
0,1,0,388.00,1.12,4.44,5.51,0.00,9.99,250.00
0,1,0,244.00,1.12,1.32,3.68,0.00,0.50,350.00
0,1,0,244.00,1.12,1.32,3.68,0.00,1.00,270.00
0,1,0,244.00,1.12,1.32,3.68,0.00,2.00,175.00
0,1,0,244.00,1.12,1.32,3.68,0.00,3.00,165.00
0,1,0,244.00,1.12,1.32,3.68,0.00,4.00,150.00
0,1,0,244.00,1.12,1.32,3.68,0.00,5.00,145.00
0,1,0,244.00,1.12,1.32,3.68,0.00,6.00,130.00
0,1,0,244.00,1.12,1.32,3.68,0.00,8.00,120.00
0,1,0,244.00,1.12,1.32,3.68,0.00,9.99,110.00
0,1,0,166.00,1.00,0.00,21.88,0.00,0.50,200.00
0,1,0,191.80,1.06,7.59,16.04,0.00,0.50,278.30
0,1,0,196.80,1.02,7.71,16.01,0.00,0.50,334.00
0,1,0,178.60,1.04,8.08,13.36,0.00,0.50,241.10
0,1,0,196.80,1.02,4.58,13.53,0.00,0.50,204.80
0,1,0,196.80,1.02,3.53,15.66,0.00,0.50,305.00
0,1,0,196.80,1.02,2.50,19.42,0.00,0.50,173.90
0,1,0,166.00,1.00,0.00,21.88,0.00,1.00,176.87
0,1,0,191.80,1.06,7.59,16.04,0.00,1.00,234.53
0,1,0,196.80,1.02,7.71,16.01,0.00,1.00,285.50
0,1,0,178.60,1.04,8.08,13.36,0.00,1.00,211.68
0,1,0,166.00,1.00,0.00,21.88,0.00,2.00,163.27
0,1,0,191.80,1.06,7.59,16.04,0.00,2.00,211.51
0,1,0,196.80,1.02,7.71,16.01,0.00,2.00,259.54
0,1,0,178.60,1.04,8.08,13.36,0.00,2.00,200.00
0,1,0,166.00,1.00,0.00,21.88,0.00,5.00,153.06
0,1,0,191.80,1.06,7.59,16.04,0.00,5.00,194.24
0,1,0,196.80,1.02,7.71,16.01,0.00,5.00,238.17
0,1,0,178.60,1.04,8.08,13.36,0.00,5.00,183.21
0,1,0,166.00,1.00,0.00,21.88,0.00,9.99,142.86
0,1,0,191.80,1.06,7.59,16.04,0.00,9.99,179.86
0,1,0,196.80,1.02,7.71,16.01,0.00,9.99,226.72
0,1,0,178.60,1.04,8.08,13.36,0.00,9.99,171.53
0,1,0,166.00,1.00,0.00,21.88,0.00,19.99,132.65
0,1,0,191.80,1.06,7.59,16.04,0.00,19.99,165.47
0,1,0,196.80,1.02,7.71,16.01,0.00,19.99,209.92
0,1,0,178.60,1.04,8.08,13.36,0.00,19.99,163.50
0,1,0,267.10,0.85,0.00,17.60,0.00,0.10,131.00
0,1,0,267.10,0.85,0.00,17.60,0.00,0.50,129.00
0,1,0,267.10,0.85,0.00,17.60,0.00,1.00,125.00
0,1,0,267.10,0.85,0.00,17.60,0.00,2.00,112.00
0,1,0,267.10,0.85,0.00,17.60,0.00,5.00,87.50
0,1,0,267.10,0.85,0.00,17.60,0.00,9.99,69.00
0,1,0,278.50,0.38,0.00,3.04,0.00,0.10,170.00
0,1,0,278.50,0.38,0.00,3.04,0.00,0.50,160.00
0,1,0,278.50,0.38,0.00,3.04,0.00,1.00,150.00
0,1,0,278.50,0.38,0.00,3.04,0.00,2.00,125.00
0,1,0,278.50,0.38,0.00,3.04,0.00,5.00,102.00
0,1,0,278.50,0.38,0.00,3.04,0.00,9.99,84.00
0,1,0,353.10,0.46,1.10,7.23,0.00,0.10,219.00
0,1,0,353.10,0.46,1.10,7.23,0.00,0.50,175.00
0,1,0,353.10,0.46,1.10,7.23,0.00,1.00,162.00
0,1,0,353.10,0.46,1.10,7.23,0.00,2.00,148.00
0,1,0,353.10,0.46,1.10,7.23,0.00,5.00,125.00
0,1,0,353.10,0.46,1.10,7.23,0.00,9.99,97.00
0,1,0,462.10,0.54,2.13,7.68,0.00,0.10,279.00
0,1,0,462.10,0.54,2.13,7.68,0.00,0.50,276.00
0,1,0,462.10,0.54,2.13,7.68,0.00,1.00,222.00
0,1,0,462.10,0.54,2.13,7.68,0.00,2.00,180.00
0,1,0,462.10,0.54,2.13,7.68,0.00,5.00,150.00
0,1,0,462.10,0.54,2.13,7.68,0.00,9.99,124.00
0,1,0,407.00,0.77,2.92,6.85,0.00,0.10,229.00
0,1,0,407.00,0.77,2.92,6.85,0.00,0.50,210.00
0,1,0,407.00,0.77,2.92,6.85,0.00,1.00,180.00
0,1,0,407.00,0.77,2.92,6.85,0.00,2.00,150.00
0,1,0,407.00,0.77,2.92,6.85,0.00,5.00,136.00
0,1,0,407.00,0.77,2.92,6.85,0.00,9.99,110.00
0,1,0,175.90,1.14,9.70,6.36,1.20,1.00,323.80
0,1,0,175.90,1.14,9.70,6.36,1.20,2.00,316.70
0,1,0,175.90,1.14,9.70,6.36,1.20,5.00,305.30
0,1,0,175.90,1.14,9.70,6.36,1.20,9.99,294.60
0,1,0,175.90,1.14,9.70,6.36,1.20,19.99,286.30
0,1,0,131.30,1.24,8.48,32.32,4.59,0.20,158.00
0,1,0,131.30,1.24,8.48,32.32,4.59,0.50,149.00
0,1,0,131.30,1.24,8.48,32.32,4.59,1.00,142.00
0,1,0,131.30,1.24,8.48,32.32,4.59,5.00,132.00
0,1,0,131.30,1.24,8.48,32.32,4.59,9.99,124.00
0,1,0,284.80,1.27,10.28,27.56,3.86,0.20,167.00
0,1,0,284.80,1.27,10.28,27.56,3.86,0.50,161.00
0,1,0,284.80,1.27,10.28,27.56,3.86,1.00,154.00
0,1,0,284.80,1.27,10.28,27.56,3.86,5.00,142.00
0,1,0,284.80,1.27,10.28,27.56,3.86,9.99,133.00
0,1,0,324.60,1.17,6.40,13.69,2.66,0.20,208.00
0,1,0,324.60,1.17,6.40,13.69,2.66,0.50,198.00
0,1,0,324.60,1.17,6.40,13.69,2.66,1.00,185.00
0,1,0,324.60,1.17,6.40,13.69,2.66,5.00,177.00
0,1,0,324.60,1.17,6.40,13.69,2.66,9.99,167.00
0,1,0,259.50,1.25,4.88,6.79,2.08,0.20,132.00
0,1,0,259.50,1.25,4.88,6.79,2.08,0.50,118.00
0,1,0,259.50,1.25,4.88,6.79,2.08,1.00,112.00
0,1,0,259.50,1.25,4.88,6.79,2.08,5.00,95.00
0,1,0,259.50,1.25,4.88,6.79,2.08,9.99,85.00
0,0,1,471.05,1.78,0.00,28.41,0.00,0.30,160.00
0,0,1,274.44,1.76,1.66,12.91,0.00,0.30,349.00
0,0,1,471.05,1.78,0.00,28.41,0.00,0.50,149.00
0,0,1,274.44,1.76,1.66,12.91,0.00,0.50,332.00
0,0,1,471.05,1.78,0.00,28.41,0.00,0.70,140.00
0,0,1,274.44,1.76,1.66,12.91,0.00,0.70,320.00
0,0,1,471.05,1.78,0.00,28.41,0.00,1.00,135.00
0,0,1,274.44,1.76,1.66,12.91,0.00,1.00,306.00
0,0,1,471.05,1.78,0.00,28.41,0.00,2.00,124.00
0,0,1,274.44,1.76,1.66,12.91,0.00,2.00,273.00
0,0,1,471.05,1.78,0.00,28.41,0.00,3.00,105.00
0,0,1,274.44,1.76,1.66,12.91,0.00,3.00,249.00
0,0,1,471.05,1.78,0.00,28.41,0.00,4.00,93.00
0,0,1,274.44,1.76,1.66,12.91,0.00,4.00,225.00
0,0,1,471.05,1.78,0.00,28.41,0.00,5.00,87.00
0,0,1,274.44,1.76,1.66,12.91,0.00,5.00,206.00
0,1,0,282.30,1.06,1.26,10.01,1.16,0.50,327.00
0,1,0,282.30,1.06,1.26,10.01,1.16,1.00,274.00
0,1,0,282.30,1.06,1.26,10.01,1.16,2.00,263.00
0,1,0,282.30,1.06,1.26,10.01,1.16,3.00,250.00
0,1,0,282.30,1.06,1.26,10.01,1.16,5.00,246.00
0,1,0,282.30,1.06,1.26,10.01,1.16,9.99,229.00
0,1,0,282.30,1.06,1.26,10.01,1.16,19.99,212.00
0,1,0,366.00,1.11,2.27,9.18,2.39,0.50,381.00
0,1,0,366.00,1.11,2.27,9.18,2.39,1.00,321.00
0,1,0,366.00,1.11,2.27,9.18,2.39,2.00,310.00
0,1,0,366.00,1.11,2.27,9.18,2.39,3.00,307.00
0,1,0,366.00,1.11,2.27,9.18,2.39,5.00,297.00
0,1,0,366.00,1.11,2.27,9.18,2.39,9.99,280.00
0,1,0,366.00,1.11,2.27,9.18,2.39,19.99,258.00
0,1,0,257.80,1.08,1.52,8.75,1.91,0.50,320.00
0,1,0,257.80,1.08,1.52,8.75,1.91,1.00,265.00
0,1,0,257.80,1.08,1.52,8.75,1.91,2.00,251.00
0,1,0,257.80,1.08,1.52,8.75,1.91,3.00,247.00
0,1,0,257.80,1.08,1.52,8.75,1.91,5.00,227.00
0,1,0,257.80,1.08,1.52,8.75,1.91,9.99,224.00
0,1,0,257.80,1.08,1.52,8.75,1.91,19.99,200.00
0,1,0,836.00,1.00,0.00,0.00,0.00,0.50,134.00
0,1,0,836.00,1.00,0.00,0.00,0.00,1.00,108.00
0,1,0,836.00,1.00,0.00,0.00,0.00,3.00,89.00
0,1,0,836.00,1.00,0.00,0.00,0.00,5.00,83.00
0,1,0,836.00,1.00,0.00,0.00,0.00,8.00,68.00
0,1,0,966.00,1.06,1.62,5.96,0.48,0.50,261.00
0,1,0,966.00,1.06,1.62,5.96,0.48,1.00,194.00
0,1,0,966.00,1.06,1.62,5.96,0.48,3.00,130.00
0,1,0,966.00,1.06,1.62,5.96,0.48,5.00,119.00
0,1,0,966.00,1.06,1.62,5.96,0.48,8.00,103.00
0,1,0,1335.00,1.13,1.60,4.62,0.37,0.50,203.00
0,1,0,1335.00,1.13,1.60,4.62,0.37,1.00,148.00
0,1,0,1335.00,1.13,1.60,4.62,0.37,3.00,100.00
0,1,0,1335.00,1.13,1.60,4.62,0.37,5.00,95.00
0,1,0,1335.00,1.13,1.60,4.62,0.37,8.00,78.00
0,1,0,1934.70,1.12,0.00,3.86,0.00,0.25,208.00
0,1,0,1919.10,1.12,0.00,3.24,0.64,0.25,234.00
0,1,0,1790.30,1.12,0.00,4.07,1.13,0.25,257.00
0,1,0,1630.90,1.12,0.00,6.35,2.37,0.25,183.00
0,1,0,1934.70,1.12,0.00,3.86,0.00,0.50,195.00
0,1,0,1919.10,1.12,0.00,3.24,0.64,0.50,218.00
0,1,0,1790.30,1.12,0.00,4.07,1.13,0.50,241.00
0,1,0,1630.90,1.12,0.00,6.35,2.37,0.50,153.00
0,1,0,1934.70,1.12,0.00,3.86,0.00,1.00,189.00
0,1,0,1919.10,1.12,0.00,3.24,0.64,1.00,207.00
0,1,0,1790.30,1.12,0.00,4.07,1.13,1.00,234.00
0,1,0,1630.90,1.12,0.00,6.35,2.37,1.00,167.00
0,1,0,1934.70,1.12,0.00,3.86,0.00,2.50,180.00
0,1,0,1919.10,1.12,0.00,3.24,0.64,2.50,199.00
0,1,0,1790.30,1.12,0.00,4.07,1.13,2.50,223.00
0,1,0,1630.90,1.12,0.00,6.35,2.37,2.50,160.00
0,1,0,1934.70,1.12,0.00,3.86,0.00,5.00,177.00
0,1,0,1919.10,1.12,0.00,3.24,0.64,5.00,195.00
0,1,0,1790.30,1.12,0.00,4.07,1.13,5.00,219.00
0,1,0,1630.90,1.12,0.00,6.35,2.37,5.00,158.00
0,1,0,1934.70,1.12,0.00,3.86,0.00,9.99,172.00
0,1,0,1919.10,1.12,0.00,3.24,0.64,9.99,190.00
0,1,0,1790.30,1.12,0.00,4.07,1.13,9.99,214.00
0,1,0,1630.90,1.12,0.00,6.35,2.37,9.99,156.00
0,1,0,1934.70,1.12,0.00,3.86,0.00,24.98,171.00
0,1,0,1919.10,1.12,0.00,3.24,0.64,24.98,179.00
0,1,0,1790.30,1.12,0.00,4.07,1.13,24.98,210.00
0,1,0,1630.90,1.12,0.00,6.35,2.37,24.98,155.00
0,1,0,106.30,1.01,0.00,12.88,0.00,1.00,160.00
0,1,0,106.30,1.01,0.00,12.88,0.00,2.00,150.00
0,1,0,106.30,1.01,0.00,12.88,0.00,5.00,140.00
0,1,0,106.30,1.01,0.00,12.88,0.00,8.00,130.00
0,1,0,106.30,1.01,0.00,12.88,0.00,9.99,127.00
0,1,0,106.30,1.01,0.00,12.88,0.00,15.00,123.00
0,1,0,106.30,1.01,0.00,12.88,0.00,19.99,118.00
0,1,0,193.50,1.05,0.00,11.89,0.00,1.00,215.00
0,1,0,193.50,1.05,0.00,11.89,0.00,2.00,200.00
0,1,0,193.50,1.05,0.00,11.89,0.00,5.00,185.00
0,1,0,193.50,1.05,0.00,11.89,0.00,8.00,178.00
0,1,0,193.50,1.05,0.00,11.89,0.00,9.99,175.00
0,1,0,193.50,1.05,0.00,11.89,0.00,15.00,173.00
0,1,0,193.50,1.05,0.00,11.89,0.00,19.99,171.00
0,1,0,129.20,1.33,4.25,11.20,2.69,1.00,315.00
0,1,0,129.20,1.33,4.25,11.20,2.69,2.00,260.00
0,1,0,129.20,1.33,4.25,11.20,2.69,5.00,223.00
0,1,0,129.20,1.33,4.25,11.20,2.69,8.00,205.00
0,1,0,129.20,1.33,4.25,11.20,2.69,9.99,200.00
0,1,0,129.20,1.33,4.25,11.20,2.69,15.00,193.00
0,1,0,129.20,1.33,4.25,11.20,2.69,19.99,190.00
0,1,0,370.40,1.32,4.80,7.76,2.01,1.00,346.00
0,1,0,370.40,1.32,4.80,7.76,2.01,2.00,302.00
0,1,0,370.40,1.32,4.80,7.76,2.01,5.00,260.00
0,1,0,370.40,1.32,4.80,7.76,2.01,8.00,242.00
0,1,0,370.40,1.32,4.80,7.76,2.01,9.99,235.00
0,1,0,370.40,1.32,4.80,7.76,2.01,15.00,215.00
0,1,0,370.40,1.32,4.80,7.76,2.01,19.99,201.00
0,1,0,54.01,0.41,2.25,2.69,0.00,0.50,22.50
0,1,0,50.44,0.40,3.00,3.73,0.00,0.50,24.50
0,1,0,41.60,0.43,3.43,4.13,0.00,0.50,26.30
0,1,0,54.01,0.41,2.25,2.69,0.00,0.80,20.00
0,1,0,50.44,0.40,3.00,3.73,0.00,0.80,21.30
0,1,0,41.60,0.43,3.43,4.13,0.00,0.80,22.00
0,1,0,54.01,0.41,2.25,2.69,0.00,1.60,18.75
0,1,0,50.44,0.40,3.00,3.73,0.00,1.60,18.00
0,1,0,41.60,0.43,3.43,4.13,0.00,1.60,20.00
0,1,0,54.01,0.41,2.25,2.69,0.00,4.00,17.60
0,1,0,50.44,0.40,3.00,3.73,0.00,4.00,16.40
0,1,0,41.60,0.43,3.43,4.13,0.00,4.00,18.50
0,1,0,54.01,0.41,2.25,2.69,0.00,8.00,17.30
0,1,0,50.44,0.40,3.00,3.73,0.00,8.00,15.00
0,1,0,41.60,0.43,3.43,4.13,0.00,8.00,19.00
0,1,0,261.00,0.92,0.00,14.03,3.47,5.00,285.00
0,1,0,261.00,0.92,0.00,14.03,3.47,3.00,320.00
0,1,0,261.00,0.92,0.00,14.03,3.47,9.99,155.00
0,1,0,109.07,1.21,5.31,8.76,0.00,1.00,359.00
0,1,0,109.07,1.21,5.31,8.76,0.00,2.00,330.00
0,1,0,109.07,1.21,5.31,8.76,0.00,3.00,315.00
0,1,0,109.07,1.21,5.31,8.76,0.00,4.00,300.00
0,1,0,109.07,1.21,5.31,8.76,0.00,5.00,292.00
0,1,0,109.07,1.21,5.31,8.76,0.00,9.99,280.00
0,1,0,39.05,1.02,4.16,9.39,0.00,1.00,280.00
0,1,0,39.05,1.02,4.16,9.39,0.00,2.00,225.00
0,1,0,39.05,1.02,4.16,9.39,0.00,3.00,220.00
0,1,0,39.05,1.02,4.16,9.39,0.00,4.00,220.00
0,1,0,39.05,1.02,4.16,9.39,0.00,5.00,215.00
0,1,0,39.05,1.02,4.16,9.39,0.00,9.99,203.00
0,1,0,531.90,1.12,7.70,13.70,0.00,2.00,320.00
0,1,0,531.90,1.12,7.70,13.70,0.00,5.00,298.50
0,1,0,531.90,1.12,7.70,13.70,0.00,9.99,239.00
0,1,0,1888.00,1.86,0.00,10.50,0.00,1.00,125.50
0,1,0,1866.00,2.01,0.00,10.50,0.97,1.00,119.00
0,1,0,1697.00,2.03,0.00,10.50,1.20,1.00,137.00
0,1,0,1639.00,1.93,0.00,10.50,0.87,1.00,124.50
0,1,0,1888.00,1.86,0.00,10.50,0.00,2.50,121.80
0,1,0,1866.00,2.01,0.00,10.50,0.97,2.50,118.80
0,1,0,1697.00,2.03,0.00,10.50,1.20,2.50,131.00
0,1,0,1639.00,1.93,0.00,10.50,0.87,2.50,121.50
0,1,0,1888.00,1.86,0.00,10.50,0.00,5.00,113.00
0,1,0,1866.00,2.01,0.00,10.50,0.97,5.00,112.50
0,1,0,1697.00,2.03,0.00,10.50,1.20,5.00,126.00
0,1,0,1639.00,1.93,0.00,10.50,0.87,5.00,119.00
0,1,0,1888.00,1.86,0.00,10.50,0.00,9.99,97.00
0,1,0,1866.00,2.01,0.00,10.50,0.97,9.99,106.50
0,1,0,1697.00,2.03,0.00,10.50,1.20,9.99,121.50
0,1,0,1639.00,1.93,0.00,10.50,0.87,9.99,118.00
0,1,0,1888.00,1.86,0.00,10.50,0.00,24.98,43.80
0,1,0,1866.00,2.01,0.00,10.50,0.97,24.98,98.00
0,1,0,1697.00,2.03,0.00,10.50,1.20,24.98,110.00
0,1,0,1639.00,1.93,0.00,10.50,0.87,24.98,114.00
0,1,0,260.00,1.12,0.00,14.39,0.00,0.20,203.00
0,1,0,593.00,1.12,10.09,13.86,0.00,0.20,326.00
0,1,0,502.00,1.12,4.96,14.02,0.00,0.20,238.00
0,1,0,527.00,1.12,5.93,13.72,0.00,0.20,251.00
0,1,0,571.00,1.12,9.50,11.81,0.00,0.20,276.00
0,1,0,544.00,1.12,8.47,11.77,0.00,0.20,289.00
0,1,0,373.00,1.12,6.36,15.91,0.00,0.20,254.00
0,1,0,460.00,1.12,7.84,14.40,0.00,0.20,286.00
0,1,0,413.00,1.12,7.30,10.73,0.00,0.20,281.00
0,1,0,260.00,1.12,0.00,14.39,0.00,1.00,169.00
0,1,0,593.00,1.12,10.09,13.86,0.00,1.00,269.00
0,1,0,502.00,1.12,4.96,14.02,0.00,1.00,210.00
0,1,0,527.00,1.12,5.93,13.72,0.00,1.00,216.00
0,1,0,571.00,1.12,9.50,11.81,0.00,1.00,239.00
0,1,0,544.00,1.12,8.47,11.77,0.00,1.00,250.00
0,1,0,373.00,1.12,6.36,15.91,0.00,1.00,193.00
0,1,0,460.00,1.12,7.84,14.40,0.00,1.00,222.00
0,1,0,413.00,1.12,7.30,10.73,0.00,1.00,207.00
0,1,0,1122.50,0.85,0.00,5.70,0.00,0.50,240.63
0,1,0,1122.50,0.85,0.00,5.70,0.00,1.00,228.13
0,1,0,1122.50,0.85,0.00,5.70,0.00,2.00,225.00
0,1,0,1122.50,0.85,0.00,5.70,0.00,5.00,215.63
0,1,0,1122.50,0.85,0.00,5.70,0.00,10.00,206.25
0,1,0,1122.50,0.85,0.00,5.70,0.00,20.00,200.00
0,1,0,2276.60,0.85,0.00,6.80,0.00,0.50,287.50
0,1,0,2276.60,0.85,0.00,6.80,0.00,1.00,268.75
0,1,0,2276.60,0.85,0.00,6.80,0.00,2.00,259.38
0,1,0,2276.60,0.85,0.00,6.80,0.00,5.00,253.13
0,1,0,2276.60,0.85,0.00,6.80,0.00,10.00,246.88
0,1,0,2276.60,0.85,0.00,6.80,0.00,20.00,237.50
0,1,0,2217.60,0.85,0.00,7.40,0.00,0.50,250.00
0,1,0,2217.60,0.85,0.00,7.40,0.00,1.00,251.00
0,1,0,2217.60,0.85,0.00,7.40,0.00,2.00,256.25
0,1,0,2217.60,0.85,0.00,7.40,0.00,5.00,246.88
0,1,0,2217.60,0.85,0.00,7.40,0.00,10.00,231.25
0,1,0,2217.60,0.85,0.00,7.40,0.00,20.00,230.00
0,1,0,1385.60,0.85,0.00,6.50,0.00,0.50,262.50
0,1,0,1385.60,0.85,0.00,6.50,0.00,1.00,256.25
0,1,0,1385.60,0.85,0.00,6.50,0.00,2.00,250.00
0,1,0,1385.60,0.85,0.00,6.50,0.00,5.00,234.38
0,1,0,1385.60,0.85,0.00,6.50,0.00,10.00,228.13
0,1,0,1385.60,0.85,0.00,6.50,0.00,20.00,218.75
0,1,0,1066.90,0.85,0.00,6.70,0.00,0.50,212.50
0,1,0,1066.90,0.85,0.00,6.70,0.00,1.00,212.60
0,1,0,1066.90,0.85,0.00,6.70,0.00,2.00,203.13
0,1,0,1066.90,0.85,0.00,6.70,0.00,5.00,196.88
0,1,0,1066.90,0.85,0.00,6.70,0.00,10.00,195.00
0,1,0,1066.90,0.85,0.00,6.70,0.00,20.00,190.63
0,1,0,1824.60,0.85,0.00,7.10,0.00,0.50,231.25
0,1,0,1824.60,0.85,0.00,7.10,0.00,1.00,228.13
0,1,0,1824.60,0.85,0.00,7.10,0.00,2.00,225.00
0,1,0,1824.60,0.85,0.00,7.10,0.00,5.00,215.63
0,1,0,1824.60,0.85,0.00,7.10,0.00,10.00,206.25
0,1,0,1824.60,0.85,0.00,7.10,0.00,20.00,200.00
0,1,0,887.00,0.85,3.40,0.00,0.00,1.00,286.00
0,1,0,71.50,1.30,0.00,21.13,0.00,0.40,260.50
0,1,0,71.50,1.30,0.00,21.13,0.00,1.00,224.00
0,1,0,71.50,1.30,0.00,21.13,0.00,2.00,212.50
0,1,0,71.50,1.30,0.00,21.13,0.00,4.00,200.60
0,1,0,71.50,1.30,0.00,21.13,0.00,6.00,194.00
0,1,0,71.50,1.30,0.00,21.13,0.00,8.00,188.50
0,1,0,71.50,1.30,0.00,21.13,0.00,10.00,178.00
0,1,0,71.50,1.30,0.00,21.13,0.00,20.00,155.00
0,1,0,96.78,1.30,0.00,19.69,0.00,0.40,225.70
0,1,0,96.78,1.30,0.00,19.69,0.00,1.00,205.00
0,1,0,96.78,1.30,0.00,19.69,0.00,2.00,192.50
0,1,0,96.78,1.30,0.00,19.69,0.00,4.00,179.30
0,1,0,96.78,1.30,0.00,19.69,0.00,6.00,173.00
0,1,0,96.78,1.30,0.00,19.69,0.00,8.00,162.70
0,1,0,96.78,1.30,0.00,19.69,0.00,10.00,159.00
0,1,0,96.78,1.30,0.00,19.69,0.00,20.00,138.00
0,1,0,180.71,1.31,0.00,18.18,0.00,0.40,195.90
0,1,0,180.71,1.31,0.00,18.18,0.00,1.00,175.00
0,1,0,180.71,1.31,0.00,18.18,0.00,2.00,160.00
0,1,0,180.71,1.31,0.00,18.18,0.00,4.00,155.70
0,1,0,180.71,1.31,0.00,18.18,0.00,6.00,154.90
0,1,0,180.71,1.31,0.00,18.18,0.00,8.00,152.00
0,1,0,180.71,1.31,0.00,18.18,0.00,10.00,143.75
0,1,0,180.71,1.31,0.00,18.18,0.00,20.00,126.30
0,1,0,227.05,1.21,0.00,15.24,0.00,0.40,105.00
0,1,0,227.05,1.21,0.00,15.24,0.00,1.00,68.70
0,1,0,227.05,1.21,0.00,15.24,0.00,2.00,62.00
0,1,0,227.05,1.21,0.00,15.24,0.00,4.00,56.00
0,1,0,227.05,1.21,0.00,15.24,0.00,6.00,54.00
0,1,0,227.05,1.21,0.00,15.24,0.00,8.00,53.00
0,1,0,227.05,1.21,0.00,15.24,0.00,10.00,51.00
0,1,0,227.05,1.21,0.00,15.24,0.00,20.00,48.00
0,1,0,215.00,1.26,0.00,10.47,0.00,0.40,61.60
0,1,0,215.00,1.26,0.00,10.47,0.00,1.00,50.50
0,1,0,215.00,1.26,0.00,10.47,0.00,2.00,46.00
0,1,0,215.00,1.26,0.00,10.47,0.00,4.00,39.50
0,1,0,215.00,1.26,0.00,10.47,0.00,6.00,39.00
0,1,0,215.00,1.26,0.00,10.47,0.00,8.00,38.50
0,1,0,215.00,1.26,0.00,10.47,0.00,10.00,37.50
0,1,0,215.00,1.26,0.00,10.47,0.00,20.00,36.00
0,1,0,154.00,1.01,0.00,0.00,0.00,0.40,30.60
0,1,0,154.00,1.01,0.00,0.00,0.00,1.00,24.00
0,1,0,154.00,1.01,0.00,0.00,0.00,2.00,20.00
0,1,0,154.00,1.01,0.00,0.00,0.00,4.00,18.80
0,1,0,154.00,1.01,0.00,0.00,0.00,6.00,18.80
0,1,0,154.00,1.01,0.00,0.00,0.00,8.00,18.80
0,1,0,154.00,1.01,0.00,0.00,0.00,10.00,18.80
0,1,0,154.00,1.01,0.00,0.00,0.00,20.00,12.50
0,1,0,2005.00,0.85,0.00,4.02,3.89,0.50,315.00
0,1,0,2005.00,0.85,0.00,4.02,3.89,10.00,265.00
0,1,0,2005.00,0.85,0.00,4.02,3.89,20.00,260.00
0,1,0,2005.00,0.85,0.00,4.02,3.89,50.00,255.00
0,1,0,438.70,1.27,5.03,4.76,0.00,1.00,481.00
0,1,0,438.70,1.27,5.03,4.76,0.00,2.00,404.00
0,1,0,438.70,1.27,5.03,4.76,0.00,5.00,336.00
0,1,0,438.70,1.27,5.03,4.76,0.00,10.00,289.00
0,1,0,438.70,1.27,5.03,4.76,0.00,20.00,230.00
0,0,1,438.70,1.27,5.03,4.76,0.00,1.00,436.00
0,0,1,438.70,1.27,5.03,4.76,0.00,2.00,340.00
0,0,1,438.70,1.27,5.03,4.76,0.00,5.00,286.00
0,0,1,438.70,1.27,5.03,4.76,0.00,10.00,253.00
0,0,1,438.70,1.27,5.03,4.76,0.00,20.00,218.00
0,1,0,108.60,0.95,0.00,5.53,0.00,1.00,127.50
0,1,0,108.60,0.95,0.00,5.53,0.00,2.00,120.00
0,1,0,108.60,0.95,0.00,5.53,0.00,5.00,110.00
0,1,0,108.60,0.95,0.00,5.53,0.00,10.00,102.50
0,1,0,108.60,0.95,0.00,5.53,0.00,20.00,90.00
0,1,0,444.50,0.84,1.86,0.00,0.00,1.00,280.00
0,1,0,444.50,0.84,1.86,0.00,0.00,10.00,222.00
0,1,0,444.50,0.84,1.86,0.00,0.00,20.00,200.00
0,1,0,444.50,0.84,1.86,0.00,0.00,30.00,175.00
0,1,0,444.50,0.84,2.39,0.00,0.00,1.00,187.00
0,1,0,444.50,0.84,2.39,0.00,0.00,10.00,162.50
0,1,0,444.50,0.84,2.39,0.00,0.00,20.00,152.00
0,1,0,444.50,0.84,2.39,0.00,0.00,30.00,150.00
0,1,0,444.50,0.84,2.51,0.00,0.00,1.00,160.00
0,1,0,444.50,0.84,2.51,0.00,0.00,10.00,137.50
0,1,0,444.50,0.84,2.51,0.00,0.00,20.00,125.00
0,1,0,444.50,0.84,2.51,0.00,0.00,30.00,112.00
0,0,1,1484.00,0.84,5.74,0.00,0.00,0.20,262.50
0,0,1,1484.00,0.84,5.74,0.00,0.00,5.00,250.00
0,0,1,1484.00,0.84,5.74,0.00,0.00,10.00,175.00
0,0,1,1484.00,0.84,5.74,0.00,0.00,15.00,153.00
0,0,1,1484.00,0.84,5.74,0.00,0.00,20.00,137.50
0,0,1,1569.00,0.84,6.25,0.00,0.00,0.20,325.00
0,0,1,1569.00,0.84,6.25,0.00,0.00,5.00,276.00
0,0,1,1569.00,0.84,6.25,0.00,0.00,10.00,270.00
0,0,1,1569.00,0.84,6.25,0.00,0.00,15.00,265.00
0,0,1,1569.00,0.84,6.25,0.00,0.00,20.00,262.00
0,1,0,198.00,0.98,1.30,11.90,0.20,0.50,298.00
0,1,0,198.00,0.98,1.30,11.90,0.20,1.00,239.00
0,1,0,198.00,0.98,1.30,11.90,0.20,2.00,212.00
0,1,0,198.00,0.98,1.30,11.90,0.20,3.00,201.00
0,1,0,198.00,0.98,1.30,11.90,0.20,5.00,194.00
0,1,0,198.00,0.98,1.30,11.90,0.20,10.00,180.00
0,1,0,260.00,0.99,1.50,11.50,0.30,0.50,431.00
0,1,0,260.00,0.99,1.50,11.50,0.30,1.00,309.00
0,1,0,260.00,0.99,1.50,11.50,0.30,2.00,263.00
0,1,0,260.00,0.99,1.50,11.50,0.30,3.00,218.00
0,1,0,260.00,0.99,1.50,11.50,0.30,5.00,206.00
0,1,0,260.00,0.99,1.50,11.50,0.30,10.00,193.00
0,1,0,238.00,0.99,1.60,10.70,0.30,0.50,303.00
0,1,0,238.00,0.99,1.60,10.70,0.30,1.00,211.00
0,1,0,238.00,0.99,1.60,10.70,0.30,2.00,182.00
0,1,0,238.00,0.99,1.60,10.70,0.30,3.00,171.00
0,1,0,238.00,0.99,1.60,10.70,0.30,5.00,164.00
0,1,0,238.00,0.99,1.60,10.70,0.30,10.00,151.00
0,1,0,95.90,1.08,0.92,0.00,0.82,0.50,164.40
0,1,0,95.90,1.08,0.92,0.00,0.82,50.00,100.00
0,1,0,94.80,1.10,0.96,0.00,0.89,0.50,189.40
0,1,0,94.80,1.10,0.96,0.00,0.89,50.00,102.50
0,1,0,80.00,1.13,1.21,0.00,1.70,0.50,212.50
0,1,0,80.00,1.13,1.21,0.00,1.70,50.00,125.63
0,1,0,38.70,1.17,1.23,0.00,2.10,0.50,203.90
0,1,0,38.70,1.17,1.23,0.00,2.10,50.00,124.80
0,1,0,37.90,1.18,1.36,0.00,2.43,0.50,195.50
0,1,0,37.90,1.18,1.36,0.00,2.43,50.00,118.80
0,1,0,726.40,1.69,4.05,0.00,0.00,1.00,178.00
0,1,0,726.40,1.69,4.05,0.00,0.00,5.00,164.00
0,1,0,726.40,1.69,4.05,0.00,0.00,10.00,155.00
0,1,0,726.40,1.69,4.05,0.00,0.00,20.00,147.00
0,1,0,726.40,1.69,4.05,0.00,0.00,50.00,142.00
0,1,0,851.30,1.99,6.46,0.00,0.00,1.00,114.00
0,1,0,851.30,1.99,6.46,0.00,0.00,5.00,102.00
0,1,0,851.30,1.99,6.46,0.00,0.00,10.00,95.00
0,1,0,851.30,1.99,6.46,0.00,0.00,20.00,88.00
0,1,0,851.30,1.99,6.46,0.00,0.00,50.00,78.00
0,1,0,437.90,1.72,5.47,0.00,0.00,1.00,156.00
0,1,0,437.90,1.72,5.47,0.00,0.00,5.00,138.00
0,1,0,437.90,1.72,5.47,0.00,0.00,10.00,126.00
0,1,0,437.90,1.72,5.47,0.00,0.00,20.00,118.00
0,1,0,437.90,1.72,5.47,0.00,0.00,50.00,109.00
0,0,1,173.00,0.92,8.20,20.40,0.00,1.00,120.00
0,0,1,173.00,0.92,8.20,20.40,0.00,2.00,108.00
0,0,1,173.00,0.92,8.20,20.40,0.00,5.00,93.00
0,0,1,238.00,0.96,8.70,11.20,0.00,1.00,113.00
0,0,1,238.00,0.96,8.70,11.20,0.00,2.00,105.00
0,0,1,238.00,0.96,8.70,11.20,0.00,5.00,103.00
0,0,1,283.00,0.97,8.50,10.90,0.00,1.00,168.00
0,0,1,283.00,0.97,8.50,10.90,0.00,2.00,160.00
0,0,1,283.00,0.97,8.50,10.90,0.00,5.00,147.00
0,1,0,308.80,1.01,1.46,11.94,1.14,0.50,378.00
0,1,0,308.80,1.01,1.46,11.94,1.14,1.00,352.00
0,1,0,308.80,1.01,1.46,11.94,1.14,2.00,325.00
0,1,0,308.80,1.01,1.46,11.94,1.14,5.00,308.00
0,1,0,308.80,1.01,1.46,11.94,1.14,10.00,292.00
0,1,0,410.20,1.03,2.19,9.14,3.71,0.50,448.00
0,1,0,410.20,1.03,2.19,9.14,3.71,1.00,399.00
0,1,0,410.20,1.03,2.19,9.14,3.71,2.00,372.00
0,1,0,410.20,1.03,2.19,9.14,3.71,5.00,330.00
0,1,0,410.20,1.03,2.19,9.14,3.71,10.00,300.00
0,1,0,248.80,1.04,2.52,9.36,3.20,0.50,340.00
0,1,0,248.80,1.04,2.52,9.36,3.20,1.00,302.00
0,1,0,248.80,1.04,2.52,9.36,3.20,2.00,298.00
0,1,0,248.80,1.04,2.52,9.36,3.20,5.00,276.00
0,1,0,248.80,1.04,2.52,9.36,3.20,10.00,265.00
0,1,0,162.40,1.87,0.00,15.34,0.00,0.50,40.00
0,1,0,269.40,2.17,0.00,35.15,11.25,0.50,181.50
0,1,0,271.10,2.18,0.00,25.01,7.92,0.50,209.30
0,1,0,274.40,2.19,0.00,15.34,3.83,0.50,237.00
0,1,0,280.00,2.32,0.00,15.07,3.42,0.50,253.20
0,1,0,287.90,2.57,0.00,8.11,1.47,0.50,270.40
0,1,0,649.00,1.02,4.12,8.21,0.00,0.50,199.50
0,1,0,649.00,1.02,4.12,8.21,0.00,1.00,190.00
0,1,0,649.00,1.02,4.12,8.21,0.00,2.00,174.00
0,1,0,649.00,1.02,4.12,8.21,0.00,3.00,170.00
0,1,0,649.00,1.02,4.12,8.21,0.00,4.00,166.00
0,1,0,649.00,1.02,4.12,8.21,0.00,5.00,162.00
0,1,0,649.00,1.02,4.12,8.21,0.00,20.00,151.00
0,1,0,85.00,1.00,3.08,9.26,0.00,0.50,99.00
0,1,0,85.00,1.00,3.08,9.26,0.00,1.00,95.00
0,1,0,85.00,1.00,3.08,9.26,0.00,2.00,89.00
0,1,0,85.00,1.00,3.08,9.26,0.00,3.00,83.00
0,1,0,85.00,1.00,3.08,9.26,0.00,4.00,80.50
0,1,0,85.00,1.00,3.08,9.26,0.00,5.00,79.80
0,1,0,85.00,1.00,3.08,9.26,0.00,20.00,67.00
0,0,1,1478.00,0.84,6.92,7.98,0.42,1.00,270.00
0,0,1,1738.00,0.89,6.35,8.23,0.31,1.00,364.00
0,0,1,2095.00,0.41,5.05,8.94,0.23,1.50,529.00
0,0,1,2095.00,0.41,5.05,8.94,0.23,3.00,424.80
0,0,1,2095.00,0.41,5.05,8.94,0.23,6.00,420.00
0,0,1,2095.00,0.41,5.05,8.94,0.23,8.00,377.60
0,0,1,2095.00,0.41,5.05,8.94,0.23,30.00,347.50
0,1,0,830.00,0.97,8.40,9.20,0.00,0.20,223.00
0,1,0,830.00,0.97,8.40,9.20,0.00,0.50,216.00
0,1,0,830.00,0.97,8.40,9.20,0.00,1.00,209.00
0,1,0,830.00,0.97,8.40,9.20,0.00,3.00,205.00
0,1,0,830.00,0.97,8.40,9.20,0.00,5.00,200.00
0,1,0,830.00,0.97,8.40,9.20,0.00,10.00,176.00
0,1,0,710.00,0.98,0.00,15.10,0.00,0.20,206.00
0,1,0,710.00,0.98,0.00,15.10,0.00,0.50,203.00
0,1,0,710.00,0.98,0.00,15.10,0.00,1.00,196.00
0,1,0,710.00,0.98,0.00,15.10,0.00,3.00,183.00
0,1,0,710.00,0.98,0.00,15.10,0.00,5.00,176.00
0,1,0,710.00,0.98,0.00,15.10,0.00,10.00,160.00
0,1,0,305.20,0.99,0.90,13.70,0.30,0.50,566.00
0,1,0,305.20,0.99,0.90,13.70,0.30,1.00,344.00
0,1,0,305.20,0.99,0.90,13.70,0.30,2.00,280.00
0,1,0,305.20,0.99,0.90,13.70,0.30,3.00,275.00
0,1,0,305.20,0.99,0.90,13.70,0.30,5.00,262.00
0,1,0,305.20,0.99,0.90,13.70,0.30,10.00,249.00
0,1,0,361.10,1.00,0.30,14.20,0.00,0.50,371.00
0,1,0,361.10,1.00,0.30,14.20,0.00,1.00,298.00
0,1,0,361.10,1.00,0.30,14.20,0.00,2.00,250.00
0,1,0,361.10,1.00,0.30,14.20,0.00,3.00,240.00
0,1,0,361.10,1.00,0.30,14.20,0.00,5.00,234.00
0,1,0,361.10,1.00,0.30,14.20,0.00,10.00,220.00
0,1,0,322.40,1.03,0.00,13.40,0.10,0.50,282.00
0,1,0,322.40,1.03,0.00,13.40,0.10,1.00,238.00
0,1,0,322.40,1.03,0.00,13.40,0.10,2.00,222.00
0,1,0,322.40,1.03,0.00,13.40,0.10,3.00,210.00
0,1,0,322.40,1.03,0.00,13.40,0.10,5.00,201.00
0,1,0,322.40,1.03,0.00,13.40,0.10,10.00,180.00
0,1,0,285.10,1.00,0.70,14.90,0.20,0.50,385.00
0,1,0,285.10,1.00,0.70,14.90,0.20,10.00,219.00
0,1,0,156.90,1.00,1.30,12.30,3.20,0.50,263.00
0,1,0,156.90,1.00,1.30,12.30,3.20,10.00,147.00
0,1,0,187.00,1.47,1.64,10.10,0.74,0.50,202.00
0,1,0,187.00,1.47,1.64,10.10,0.74,1.00,199.00
0,1,0,187.00,1.47,1.64,10.10,0.74,2.00,199.00
0,1,0,187.00,1.47,1.64,10.10,0.74,5.00,168.00
0,1,0,187.00,1.47,1.64,10.10,0.74,10.00,154.00
0,1,0,211.00,1.48,1.39,11.49,0.70,0.50,204.00
0,1,0,211.00,1.48,1.39,11.49,0.70,1.00,200.00
0,1,0,211.00,1.48,1.39,11.49,0.70,2.00,196.00
0,1,0,211.00,1.48,1.39,11.49,0.70,5.00,174.00
0,1,0,211.00,1.48,1.39,11.49,0.70,10.00,160.00
0,1,0,252.00,1.51,1.96,13.22,0.97,0.50,251.00
0,1,0,252.00,1.51,1.96,13.22,0.97,1.00,248.00
0,1,0,252.00,1.51,1.96,13.22,0.97,2.00,242.00
0,1,0,252.00,1.51,1.96,13.22,0.97,5.00,230.00
0,1,0,252.00,1.51,1.96,13.22,0.97,10.00,225.00
0,1,0,710.00,1.35,1.10,18.80,1.30,1.00,150.00
0,1,0,710.00,1.35,1.10,18.80,1.30,2.00,102.00
0,1,0,710.00,1.35,1.10,18.80,1.30,3.00,62.00
0,1,0,710.00,1.35,1.10,18.80,1.30,5.00,50.00
0,1,0,710.00,1.35,1.10,18.80,1.30,10.00,38.00
0,1,0,710.00,1.35,1.10,18.80,1.30,20.00,25.00
0,1,0,396.00,1.03,2.40,16.00,0.00,1.00,140.00
0,1,0,396.00,1.03,2.40,16.00,0.00,2.00,120.00
0,1,0,396.00,1.03,2.40,16.00,0.00,3.00,113.00
0,1,0,396.00,1.03,2.40,16.00,0.00,5.00,80.00
0,1,0,396.00,1.03,2.40,16.00,0.00,10.00,65.00
0,1,0,396.00,1.03,2.40,16.00,0.00,20.00,50.00
0,1,0,1013.00,1.41,1.70,21.00,1.10,1.00,260.00
0,1,0,1013.00,1.41,1.70,21.00,1.10,2.00,200.00
0,1,0,1013.00,1.41,1.70,21.00,1.10,3.00,150.00
0,1,0,1013.00,1.41,1.70,21.00,1.10,5.00,115.00
0,1,0,1013.00,1.41,1.70,21.00,1.10,10.00,103.00
0,1,0,1013.00,1.41,1.70,21.00,1.10,20.00,95.00
0,1,0,1109.00,1.43,4.20,22.10,1.30,1.00,420.00
0,1,0,1109.00,1.43,4.20,22.10,1.30,2.00,350.00
0,1,0,1109.00,1.43,4.20,22.10,1.30,3.00,323.00
0,1,0,1109.00,1.43,4.20,22.10,1.30,5.00,305.00
0,1,0,1109.00,1.43,4.20,22.10,1.30,10.00,285.00
0,1,0,1109.00,1.43,4.20,22.10,1.30,20.00,280.00
0,1,0,1036.00,1.38,2.60,24.20,1.10,1.00,280.00
0,1,0,1036.00,1.38,2.60,24.20,1.10,2.00,220.00
0,1,0,1036.00,1.38,2.60,24.20,1.10,3.00,180.00
0,1,0,1036.00,1.38,2.60,24.20,1.10,5.00,140.00
0,1,0,1036.00,1.38,2.60,24.20,1.10,10.00,130.00
0,1,0,1036.00,1.38,2.60,24.20,1.10,20.00,118.00
0,1,0,686.00,4.43,6.42,20.54,9.94,0.50,322.00
0,1,0,686.00,4.43,6.42,20.54,9.94,1.00,268.00
0,1,0,686.00,4.43,6.42,20.54,9.94,1.50,240.00
0,1,0,686.00,4.43,6.42,20.54,9.94,2.00,220.00
0,1,0,686.00,4.43,6.42,20.54,9.94,3.00,210.00
0,1,0,686.00,4.43,6.42,20.54,9.94,5.00,198.00
0,1,0,85.76,1.06,0.00,31.49,0.00,0.30,184.90
0,1,0,85.76,1.06,0.00,31.49,0.00,0.50,180.00
0,1,0,85.76,1.06,0.00,31.49,0.00,1.00,172.00
0,1,0,85.76,1.06,0.00,31.49,0.00,2.00,165.00
0,1,0,85.76,1.06,0.00,31.49,0.00,3.00,158.00
0,1,0,85.76,1.06,0.00,31.49,0.00,5.00,150.00
0,1,0,85.76,1.06,0.00,31.49,0.00,10.00,130.00
0,1,0,147.31,0.97,1.10,15.36,0.00,0.30,221.90
0,1,0,147.31,0.97,1.10,15.36,0.00,0.50,215.00
0,1,0,147.31,0.97,1.10,15.36,0.00,1.00,210.00
0,1,0,147.31,0.97,1.10,15.36,0.00,2.00,202.00
0,1,0,147.31,0.97,1.10,15.36,0.00,3.00,192.00
0,1,0,147.31,0.97,1.10,15.36,0.00,5.00,188.00
0,1,0,147.31,0.97,1.10,15.36,0.00,10.00,178.00
0,1,0,149.32,1.02,1.24,15.45,0.00,0.30,299.70
0,1,0,149.32,1.02,1.24,15.45,0.00,0.50,288.00
0,1,0,149.32,1.02,1.24,15.45,0.00,1.00,277.00
0,1,0,149.32,1.02,1.24,15.45,0.00,2.00,265.00
0,1,0,149.32,1.02,1.24,15.45,0.00,3.00,261.00
0,1,0,149.32,1.02,1.24,15.45,0.00,5.00,255.00
0,1,0,149.32,1.02,1.24,15.45,0.00,10.00,242.00
0,1,0,155.99,1.03,1.35,16.90,0.00,0.30,257.50
0,1,0,155.99,1.03,1.35,16.90,0.00,0.50,250.00
0,1,0,155.99,1.03,1.35,16.90,0.00,1.00,239.00
0,1,0,155.99,1.03,1.35,16.90,0.00,2.00,230.00
0,1,0,155.99,1.03,1.35,16.90,0.00,3.00,227.00
0,1,0,155.99,1.03,1.35,16.90,0.00,5.00,222.00
0,1,0,155.99,1.03,1.35,16.90,0.00,10.00,208.00
0,1,0,278.30,0.98,6.80,9.20,0.00,1.00,175.00
0,1,0,348.70,1.01,7.00,12.80,0.00,1.00,200.00
0,1,0,412.30,1.15,10.10,9.60,0.00,1.00,290.00
0,1,0,337.00,1.09,8.20,10.90,0.00,1.00,235.00
0,1,0,263.50,1.03,7.90,10.20,0.00,1.00,228.00
0,1,0,410.20,1.11,10.00,9.30,0.00,1.00,282.00
0,1,0,398.80,1.12,10.10,10.60,0.00,1.00,272.00
0,1,0,678.73,1.05,2.97,0.00,0.00,0.25,281.02
0,1,0,678.73,1.05,2.97,0.00,0.00,0.50,213.80
0,1,0,678.73,1.05,2.97,0.00,0.00,1.00,191.72
0,1,0,678.73,1.05,2.97,0.00,0.00,2.50,176.26
0,1,0,678.73,1.05,2.97,0.00,0.00,5.00,167.11
0,1,0,678.73,1.05,2.97,0.00,0.00,10.00,159.18
0,1,0,678.73,1.05,2.97,0.00,0.00,25.00,144.62
0,1,0,678.73,1.05,2.97,0.00,0.00,50.00,135.01
0,1,0,678.73,1.05,2.97,0.00,0.00,100.00,119.29
0,1,0,537.00,1.28,0.00,21.60,8.30,1.00,367.00
0,1,0,537.00,1.28,0.00,21.60,8.30,2.00,338.00
0,1,0,537.00,1.28,0.00,21.60,8.30,5.00,283.00
0,1,0,537.00,1.28,0.00,21.60,8.30,10.00,246.00
0,1,0,187.00,1.09,0.00,19.27,2.20,1.00,210.00
0,1,0,187.00,1.09,0.00,19.27,2.20,2.00,158.00
0,1,0,187.00,1.09,0.00,19.27,2.20,5.00,138.00
0,1,0,187.00,1.09,0.00,19.27,2.20,10.00,94.00
0,1,0,676.00,1.02,0.00,0.00,26.56,1.00,480.00
0,1,0,676.00,1.02,0.00,0.00,26.56,2.00,450.00
0,1,0,676.00,1.02,0.00,0.00,26.56,5.00,390.00
0,1,0,676.00,1.02,0.00,0.00,26.56,10.00,350.00
0,1,0,676.00,1.02,0.00,0.00,26.56,15.00,301.00
0,1,0,287.00,1.32,8.45,2.36,0.00,0.50,320.00
0,1,0,287.00,1.32,8.45,2.36,0.00,1.00,272.00
0,1,0,287.00,1.32,8.45,2.36,0.00,5.00,210.00
0,1,0,287.00,1.32,8.45,2.36,0.00,10.00,192.00
0,1,0,287.00,1.32,8.45,2.36,0.00,20.00,110.00
1,0,0,3100.00,1.19,0.00,0.00,0.00,1.40,165.00
1,0,0,3100.00,1.19,0.00,0.00,0.00,0.70,200.00
1,0,0,3100.00,1.19,0.00,0.00,0.00,0.80,150.00
0,0,1,682.00,1.62,0.00,10.75,0.00,1.00,100.00
0,0,1,1383.00,1.30,0.00,9.00,0.00,0.20,160.00
0,0,1,343.00,1.38,0.00,1.54,0.00,0.10,78.60
0,0,1,342.00,1.22,0.54,1.80,0.00,0.10,222.00
0,1,0,343.00,1.38,0.00,1.54,0.00,0.10,25.90
0,1,0,342.00,1.22,0.54,1.80,0.00,0.10,106.00
0,1,0,124.50,1.12,0.00,11.24,0.00,1.00,112.00
0,1,0,427.30,0.81,0.00,8.93,0.00,1.00,143.00
0,1,0,1218.50,0.64,0.00,4.12,0.00,1.00,291.00
0,1,0,305.10,1.73,0.00,5.05,0.00,1.00,89.00
0,1,0,260.00,1.03,0.00,0.00,0.00,0.65,162.30
0,1,0,715.00,1.47,0.00,0.00,0.00,0.50,177.00
0,1,0,220.00,1.43,0.00,0.00,0.00,0.50,99.00
0,1,0,102.60,0.53,0.00,0.00,0.00,0.50,251.70
0,1,0,102.60,1.10,5.50,6.80,0.00,1.00,160.00
0,1,0,423.20,1.10,5.90,9.60,0.00,1.00,378.00
0,1,0,290.50,1.10,6.30,11.50,0.00,1.00,270.00
0,1,0,190.38,1.00,3.20,11.30,0.00,0.50,290.00
0,1,0,171.56,0.50,2.90,6.40,0.00,0.50,270.00
1,0,0,600.00,1.30,0.00,0.00,0.00,0.20,109.00
1,0,0,3100.00,1.19,0.00,0.00,0.00,1.00,172.00
0,1,0,10.10,1.09,0.00,18.51,3.00,1.00,460.00
0,0,1,522.77,0.92,0.00,22.27,3.81,3.00,155.61
0,0,1,693.27,0.98,0.00,23.84,7.02,3.00,261.43
1,0,0,418.00,0.95,0.00,27.90,1.10,0.42,465.00